<?xml version="1.0" encoding="UTF-8"?>
<web-bnd xmlns="http://websphere.ibm.com/xml/ns/javaee" xmlns:xsi="http://www.w3.org/2001/XMLSchema-instance"
	xsi:schemaLocation="http://websphere.ibm.com/xml/ns/javaee http://websphere.ibm.com/xml/ns/javaee/ibm-web-bnd_1_1.xsd"
	version="1.1">

	<virtual-host name="default_host" />

	<resource-ref name="jdbc/esysDS_VLT" binding-name="jdbc/esysDS_VLT" />
	<resource-ref name="jdbc/esysDS_VLT_Replica" binding-name="jdbc/esysDS_VLT_Replica" />

	<resource-ref name="jms/eBizQueue" binding-name="jms/EBIZ" />
	<resource-ref name="jms/toEsysQueue" binding-name="jms/TO.ESYS" />
	<resource-ref name="jms/EMAIL" binding-name="jms/EMAIL" />
	<resource-ref name="jms/connectionFactory" binding-name="jms/ServicesFactory" />

	<resource-ref name="jdbc/OraDataSource" binding-name="jdbc/OraDataSource" />
	<resource-ref name="url/OAuth20EndpointUrl" binding-name="url/oauth20-endpoint"/>

</web-bnd>