<?xml version="1.0" encoding="UTF-8"?>
<Configuration>
    <Properties>
        <Property name="log-path">$${sys:appserver.log.dir}/$${sys:ServerName}</Property>
    </Properties>
    <Appenders>
        <RollingFile name="RollingFile" fileName="${log-path}/sroSecurityOAuth2Server.log" filePattern="${log-path}/sroSecurityOAuth2Server.%d{yyyy-MM-dd}.%i.log">
            <PatternLayout>
                <!-- Pattern documentation at https://logback.qos.ch/manual/layouts.html#ClassicPatternLayout -->
                <pattern>%d{yyyy-MM-dd HH:mm:ss.SSS} [%p] %t %C.%M(%L) [%X{username}] | %m%n</pattern>
            </PatternLayout>
            <Policies>
                <SizeBasedTriggeringPolicy size="50 MB" />
            </Policies>
        </RollingFile>
    </Appenders>

    <Loggers>
        <Root level="info">
            <AppenderRef ref="RollingFile" />
        </Root>

        <Logger name="au.gov.vic.sro" level="info"></Logger>
    </Loggers>

</Configuration>