<?xml version="1.0" encoding="UTF-8"?>
<beans xmlns="http://www.springframework.org/schema/beans" xmlns:xsi="http://www.w3.org/2001/XMLSchema-instance" xsi:schemaLocation="http://www.springframework.org/schema/beans http://www.springframework.org/schema/beans/spring-beans.xsd">

	<bean id="propertyConfigurer" class="org.springframework.beans.factory.config.PropertyPlaceholderConfigurer" lazy-init="false">
	</bean>

	<!-- log4j configuration -->

	<bean id="log4jProperties" class="org.springframework.beans.factory.config.MethodInvokingFactoryBean">
		<property name="targetClass" value="au.gov.vic.sro.applicationservices.configuration.ConfigurationHelper" />
		<property name="targetMethod" value="getProperties" />
		<property name="arguments">
			<list>
				<bean class="au.gov.vic.sro.applicationservices.configuration.source.SystemConfigurationSource" />
				<bean class="au.gov.vic.sro.applicationservices.configuration.source.SroPropertiesConfigurationSource">
					<constructor-arg type="java.lang.String" value="autoPay_log4j" />
				</bean>
				<bean class="au.gov.vic.sro.applicationservices.configuration.source.JdbcGlobalConfigurationSource" />
			</list>
		</property>
	</bean>

	<bean class="org.springframework.beans.factory.config.MethodInvokingFactoryBean" lazy-init="false">
		<property name="targetClass" value="org.apache.log4j.PropertyConfigurator" />
		<property name="targetMethod" value="configure" />
		<property name="arguments">
			<ref bean="log4jProperties" />
		</property>
	</bean>

	<bean class="org.springframework.beans.factory.config.MethodInvokingFactoryBean" lazy-init="false">
		<property name="targetClass" value="org.apache.log4j.PropertyConfigurator" />
		<property name="targetMethod" value="configureAndWatch" />
		<property name="arguments" value="${ebiz.config.root}/autoPay_log4j.properties" />
	</bean>

</beans>