[
	{
		"liabilityId": {
			"liabilityReferenceType": "",
			"liabilityReferenceId": "10001",
			"liabilityReferenceVersion": "v1",
			"revenueType": "LTX",
			"checksum": ""
		},
		"liabilityYear": "2018",
		"liabilityIssueDate": "02/01/2018",
		"liabilityDueDate": "03/02/2018",
		"extendedDueDate": "",
		"paymentArrangementId": "",
		"paymentArrangementVersion": 1,
		"outstandingLiabilityAmount": 896.00,
		"overdue": true,
		"serviceList": []
	},
	{
		"liabilityId": {
			"liabilityReferenceType": "",
			"liabilityReferenceId": "10002",
			"liabilityReferenceVersion": "v1",
			"revenueType": "LTX",
			"checksum": ""
		},
		"liabilityYear": "2018",
		"liabilityIssueDate": "02/01/2018",
		"liabilityDueDate": "03/02/2018",
		"extendedDueDate": "",
		"paymentArrangementId": "",
		"paymentArrangementVersion": 1,
		"outstandingLiabilityAmount": 123.00,
		"overdue": true,
		"serviceList": []
	},
	{
		"liabilityId": {
			"liabilityReferenceType": "",
			"liabilityReferenceId": "10003",
			"liabilityReferenceVersion": "v1",
			"revenueType": "LTX",
			"checksum": ""
		},
		"liabilityYear": "2018",
		"liabilityIssueDate": "02/01/2018",
		"liabilityDueDate": "23/02/2018",
		"extendedDueDate": "",
		"paymentArrangementId": "",
		"paymentArrangementVersion": 1,
		"outstandingLiabilityAmount": 90.00,
		"overdue": true,
		"serviceList": []
	},
	{
		"liabilityId": {
			"liabilityReferenceType": "",
			"liabilityReferenceId": "10004",
			"liabilityReferenceVersion": "v1",
			"revenueType": "LTX",
			"checksum": ""
		},
		"liabilityYear": "2018",
		"liabilityIssueDate": "02/01/2018",
		"liabilityDueDate": "23/02/2018",
		"extendedDueDate": "",
		"paymentArrangementId": "",
		"paymentArrangementVersion": 1,
		"outstandingLiabilityAmount": 896.00,
		"overdue": false,
		"serviceList": [
			{
				"serviceTypeId": "SP",
				"available": true,
				"notAvailableReason": ""
			},
			{
				"serviceTypeId": "DA",
				"available": false,
				"notAvailableReason": "not overdue yet"
			},
			{
				"serviceTypeId": "ET",
				"available": true,
				"notAvailableReason": ""
			}
		]
	},
	{
		"liabilityId": {
			"liabilityReferenceType": "",
			"liabilityReferenceId": "10002",
			"liabilityReferenceVersion": "v1",
			"revenueType": "LTX",
			"checksum": ""
		},
		"liabilityYear": "2018",
		"liabilityIssueDate": "02/01/2018",
		"liabilityDueDate": "23/02/2018",
		"extendedDueDate": "",
		"paymentArrangementId": "",
		"paymentArrangementVersion": 1,
		"outstandingLiabilityAmount": 123.00,
		"overdue": false,
		"serviceList": [
			{
				"serviceTypeId": "SP",
				"available": true,
				"notAvailableReason": ""
			},
			{
				"serviceTypeId": "DA",
				"available": false,
				"notAvailableReason": "not overdue yet"
			},
			{
				"serviceTypeId": "ET",
				"available": false,
				"notAvailableReason": "some reason"
			}
		]
	},
	{
		"liabilityId": {
			"liabilityReferenceType": "",
			"liabilityReferenceId": "10003",
			"liabilityReferenceVersion": "v1",
			"revenueType": "LTX",
			"checksum": ""
		},
		"liabilityYear": "2018",
		"liabilityIssueDate": "02/01/2018",
		"liabilityDueDate": "23/02/2018",
		"extendedDueDate": "",
		"paymentArrangementId": "",
		"paymentArrangementVersion": 1,
		"outstandingLiabilityAmount": 90.00,
		"overdue": false,
		"serviceList": [
			{
				"serviceTypeId": "SP",
				"available": false,
				"notAvailableReason": ""
			},
			{
				"serviceTypeId": "DA",
				"available": false,
				"notAvailableReason": "not overdue yet"
			},
			{
				"serviceTypeId": "ET",
				"available": true,
				"notAvailableReason": ""
			}
		]
	}
]