<?xml version="1.0" encoding="UTF-8"?>
<beans xmlns="http://www.springframework.org/schema/beans" xmlns:xsi="http://www.w3.org/2001/XMLSchema-instance" xmlns:jee="http://www.springframework.org/schema/jee" xmlns:p="http://www.springframework.org/schema/p" xsi:schemaLocation="http://www.springframework.org/schema/beans http://www.springframework.org/schema/beans/spring-beans.xsd http://www.springframework.org/schema/jee http://www.springframework.org/schema/jee/spring-jee.xsd">

	<!-- Event handlers -->
	<bean id="noOpEventHandler" class="au.gov.vic.sro.autopay.service.events.NoOpEventHandler" />
	<bean id="activeEventHandler" class="au.gov.vic.sro.autopay.service.events.ActiveNotificationEventHandler">
		<property name="autoPayDao" ref="autoPayDao" />
		<property name="properties" ref="autoPayProperties" />
		<property name="emailTemplateResource" value="classpath:email/active.email" />
	</bean>
	<bean id="cancellationNotificationEventHandler" class="au.gov.vic.sro.autopay.service.events.CancellationNotificationEventHandler">
		<property name="autoPayDao" ref="autoPayDao" />
		<property name="properties" ref="autoPayProperties" />
		<property name="emailTemplateResource" value="classpath:email/cancellation.email" />
	</bean>
	<bean id="reminderNotificationEventHandler" class="au.gov.vic.sro.autopay.service.events.ReminderNotificationEventHandler">
		<property name="autoPayDao" ref="autoPayDao" />
		<property name="properties" ref="autoPayProperties" />
		<property name="emailTemplateResource" value="classpath:email/reminder.email" />
	</bean>
	<bean id="withdrawnNotificationEventHandler" class="au.gov.vic.sro.autopay.service.events.WithdrawnNotificationEventHandler">
		<property name="autoPayDao" ref="autoPayDao" />
		<property name="properties" ref="autoPayProperties" />
		<property name="emailTemplateResource" value="classpath:email/withdrawn.email" />
	</bean>
	<bean id="eventHandlers" class="org.apache.commons.collections4.map.DefaultedMap" factory-method="defaultedMap">
		<constructor-arg>
			<map key-type="au.gov.vic.sro.autopay.model.EventType">
				<entry key="ACTIVE" value-ref="activeEventHandler" />
				<entry key="CANCELLED_ASSESSMENT_WITHDRAWN" value-ref="withdrawnNotificationEventHandler" /> 
				<entry key="CANCELLED_ESYS_SYSTEM" value-ref="withdrawnNotificationEventHandler" /> 
				<entry key="CANCELLED_EXTERNAL_USER" value-ref="cancellationNotificationEventHandler" /> 
				<entry key="CANCELLED_INTERNAL_USER" value-ref="cancellationNotificationEventHandler" /> 
				<entry key="CANCELLED_LIABILITY_RECALCULATED" value-ref="withdrawnNotificationEventHandler" /> 
				<entry key="CANCELLED_PAYMENT_NOT_RECEIVED" value-ref="cancellationNotificationEventHandler" /> 
				<entry key="REMINDER_PAYMENT" value-ref="reminderNotificationEventHandler" />
			</map>
		</constructor-arg>
		<constructor-arg ref="noOpEventHandler" />
	</bean>

	<!-- AutoPay service -->

	<bean id="autoPayService" class="au.gov.vic.sro.autopay.service.AutoPayServiceImpl">
		<property name="autoPayDao" ref="autoPayDao" />
	</bean>

	<!-- User Details service -->

	<bean id="userDetailsService" class="au.gov.vic.sro.autopay.service.security.UserDetailsServiceImpl">
		<property name="autoPayDao" ref="autoPayDao" />
		<property name="userAuthorities">
			<list>
				<bean class="org.springframework.security.core.authority.SimpleGrantedAuthority">
					<constructor-arg value="ROLE_USER" />
				</bean>
			</list>
		</property>
	</bean>

</beans>
