<config xmlns:xsi="http://www.w3.org/2001/XMLSchema-instance" xmlns="http://www.ehcache.org/v3" xmlns:jsr107="http://www.ehcache.org/v3/jsr107"
	xsi:schemaLocation="
		http://www.ehcache.org/v3 http://www.ehcache.org/schema/ehcache-core-3.0.xsd
		http://www.ehcache.org/v3/jsr107 http://www.ehcache.org/schema/ehcache-107-ext-3.0.xsd">

	<cache alias="referenceDataCache">
		<expiry>
			<ttl unit="hours">24</ttl>
		</expiry>
		<heap unit="entries">1000</heap>
	</cache>

	<!-- <diskStore path="java.io.tmpdir" /> -->
	<!-- <defaultCache maxElementsInMemory="10" eternal="false" timeToIdleSeconds="5" timeToLiveSeconds="10" overflowToDisk="true" 
		/> -->
	<!-- <cache alias="dolCustomerNames" maxBytesLocalHeap="2M" eternal="false" timeToIdleSeconds="172800" timeToLiveSeconds="604800" 
		overflowToDisk="false" /> -->
</config>
