[
	{ "type": "ADDRESS_TYPES", "code": "B", "label": "Street" },
	{ "type": "ADDRESS_TYPES", "code": "L", "label": "Lot" },
	{ "type": "ADDRESS_TYPES", "code": "P", "label": "Postal" },
	{ "type": "ADDRESS_TYPES", "code": "O", "label": "Overseas" },
	{ "type": "COMMUNICATION_CHANNELS", "code": "E", "label": "Yes, send via email" },
	{ "type": "COMMUNICATION_CHANNELS", "code": "P", "label": "No, I'd like to receive communications via post" },
	{ "type": "COMMUNICATION_RECIPIENTS", "code": "L", "label": "Land owner" },
	{ "type": "COMMUNICATION_RECIPIENTS", "code": "R", "label": "Authorised representative" },
	{ "type": "COMPLETION_TYPES", "code": "L", "label": "As the land owner" },
	{ "type": "COMPLETION_TYPES", "code": "R", "label": "On behalf of the land owner" },
	{ "type": "EXEMPTION_TYPES", "code": "500", "label": "Ownership of the property was transferred during the last year" },
	{ "type": "EXEMPTION_TYPES", "code": "501", "label": "It only became 'residential land' during the last year" },
	{ "type": "EXEMPTION_TYPES", "code": "502", "label": "The property was used by the owner for the purposes of attending work" },
	{ "type": "EXEMPTION_TYPES", "code": "503", "label": "The property was used by the owner as a holiday home" },
	{ "type": "LAND_OWNER_TYPES", "code": "I", "label": "An individual", "shortLabel": "Individual" },
	{ "type": "LAND_OWNER_TYPES", "code": "C", "label": "A company / organisation / association", "shortLabel": "Company / organisation / association" },
	{ "type": "LAND_OWNER_TYPES", "code": "T", "label": "A trust", "shortLabel": "Trust" },
	{ "type": "NON_POSTAL_ADDRESS_TYPES", "code": "B", "label": "Street" },
	{ "type": "NON_POSTAL_ADDRESS_TYPES", "code": "L", "label": "Lot" },
	{ "type": "NON_POSTAL_ADDRESS_TYPES", "code": "O", "label": "Overseas" },
	{ "type": "NOTIFICATION_TYPES", "code": "PROPERTY", "label": "Let us know about a vacant or exempt property" },
	{ "type": "NOTIFICATION_TYPES", "code": "CONTACT", "label": "Update your contact details" },
	{ "type": "PROPERTY_OWNERSHIP_TYPES", "code": "S", "label": "Sole proprietor" },
	{ "type": "PROPERTY_OWNERSHIP_TYPES", "code": "J", "label": "Joint ownership" },
	{ "type": "TRUSTEE_TYPES", "code": "I", "label": "An individual", "shortLabel": "Individual" },
	{ "type": "TRUSTEE_TYPES", "code": "C", "label": "A company / organisation / association", "shortLabel": "Company / organisation / association" },
	{ "type": "CUSTOMER_IDENTIFIERS", "code": "CN", "label": "A letter about vacant residential land tax"},	
	{ "type": "CUSTOMER_IDENTIFIERS", "code": "AL", "label": "Assessment number (land tax)"},	
	{ "type": "CUSTOMER_IDENTIFIERS", "code": "AV", "label": "Assessment number (vacant residential land tax)"},
	{ "type": "CUSTOMER_IDENTIFIERS", "code": "RN", "label": "Reference number (from a previous vacant residential land tax notification)"},
	{ "type": "CUSTOMER_IDENTIFIERS", "code": "NO", "label": "No, I don't have any of these"}
]