<?xml version="1.0" encoding="UTF-8"?>
<beans xmlns="http://www.springframework.org/schema/beans" xmlns:xsi="http://www.w3.org/2001/XMLSchema-instance" xsi:schemaLocation="http://www.springframework.org/schema/beans http://www.springframework.org/schema/beans/spring-beans.xsd">

	<bean id="autoPayProperties" class="org.springframework.beans.factory.config.MethodInvokingFactoryBean">
		<property name="targetClass" value="au.gov.vic.sro.applicationservices.configuration.ConfigurationHelper" />
		<property name="targetMethod" value="getProperties" />
		<property name="arguments">
			<list>
				<bean class="au.gov.vic.sro.applicationservices.configuration.source.SystemConfigurationSource" />
				<bean class="au.gov.vic.sro.applicationservices.configuration.source.SroPropertiesConfigurationSource">
					<constructor-arg type="java.lang.String" value="AutoPay" />
				</bean>
				<bean class="au.gov.vic.sro.applicationservices.configuration.source.JdbcGlobalConfigurationSource" />
			</list>
		</property>
	</bean>

	<bean id="autoPayPropertyConfigurer" class="org.springframework.beans.factory.config.PropertyPlaceholderConfigurer" lazy-init="false">
		<property name="properties" ref="autoPayProperties" />
	</bean>

</beans>