<?xml version="1.0" encoding="UTF-8"?>
<assembly xmlns="http://maven.apache.org/ASSEMBLY/2.0.0" xmlns:xsi="http://www.w3.org/2001/XMLSchema-instance" xsi:schemaLocation="http://maven.apache.org/ASSEMBLY/2.0.0 http://maven.apache.org/xsd/assembly-2.0.0.xsd">
	<id>app</id>
	<formats>
		<format>zip</format>
	</formats>
	<baseDirectory>dutieslandtransfer</baseDirectory>
	<fileSets>
		<fileSet>
			<directory>${project.basedir}/dist/DutiesLandTransferApp</directory>
			<excludes>
				<exclude>index.html</exclude>
			</excludes>
			<outputDirectory/>
		</fileSet>
		<fileSet>
			<directory>${project.basedir}/dist/DutiesLandTransferApp</directory>
			<includes>
				<include>index.html</include>
			</includes>
			<outputDirectory/>
			<filtered>true</filtered>
		</fileSet>
	</fileSets>
</assembly>
