<?xml version="1.0" encoding="UTF-8"?>
<beans xmlns="http://www.springframework.org/schema/beans" xmlns:xsi="http://www.w3.org/2001/XMLSchema-instance" xmlns:jee="http://www.springframework.org/schema/jee" xmlns:p="http://www.springframework.org/schema/p" xsi:schemaLocation="http://www.springframework.org/schema/beans http://www.springframework.org/schema/beans/spring-beans.xsd http://www.springframework.org/schema/jee http://www.springframework.org/schema/jee/spring-jee.xsd">

	<!-- QuickVault service -->

	<bean id="quickVaultSecurityTokenRequestBaseUrl" class="java.lang.String" factory-method="valueOf">
		<constructor-arg>
			<jee:jndi-lookup jndi-name="java:comp/env/url/quickWebToken" cache="true" resource-ref="true" lookup-on-startup="false" expected-type="java.net.URL" />
		</constructor-arg>
	</bean>

	<bean id="quickVaultBrowserRedirectBaseUrl" class="java.lang.String" factory-method="valueOf">
		<constructor-arg>
			<jee:jndi-lookup jndi-name="java:comp/env/url/quickWebPayment3" cache="true" resource-ref="true" lookup-on-startup="false" expected-type="java.net.URL" />
		</constructor-arg>
	</bean>

	<bean id="quickVaultService" class="au.gov.vic.sro.payment.arrangements.service.QuickVaultServiceImpl">
		<property name="properties" ref="paymentArrangementsProperties" />
		<property name="securityTokenRequestBaseUrl" ref="quickVaultSecurityTokenRequestBaseUrl" />
		<property name="browserRedirectBaseUrl" ref="quickVaultBrowserRedirectBaseUrl" />
	</bean>

</beans>
