<?xml version="1.0" encoding="UTF-8"?>
<application id="Application_ID" version="5" xmlns="http://java.sun.com/xml/ns/javaee" xmlns:xsi="http://www.w3.org/2001/XMLSchema-instance" xsi:schemaLocation="http://java.sun.com/xml/ns/javaee http://java.sun.com/xml/ns/javaee/application_5.xsd">

	<display-name>PaymentArrangementsEar</display-name>

	<module>
		<ejb>PaymentArrangementsScheduledTasksEJB.jar</ejb>
	</module>

	<module>
		<web>
			<web-uri>PaymentArrangementsWeb.war</web-uri>
			<context-root>pao</context-root>
		</web>
	</module>

	<library-directory>lib</library-directory>

</application>