<?xml version="1.0" encoding="UTF-8"?>
<ejb-jar xmlns="http://java.sun.com/xml/ns/javaee" xmlns:xsi="http://www.w3.org/2001/XMLSchema-instance" xsi:schemaLocation="http://java.sun.com/xml/ns/javaee http://java.sun.com/xml/ns/javaee/ejb-jar_3_0.xsd" version="3.0">
	<display-name>PaymentArrangementsScheduledTasksEJB</display-name>
	<enterprise-beans>
		<message-driven>
			<ejb-name>ScheduledTaskListenerBean</ejb-name>
			<ejb-class>au.gov.vic.sro.payment.arrangements.mte.ScheduledTaskListenerBean</ejb-class>
			<messaging-type>javax.jms.MessageListener</messaging-type>
			<transaction-type>Bean</transaction-type>
			<resource-ref>
				<res-ref-name>jdbc/eSysDS_PAO</res-ref-name>
				<res-type>javax.sql.DataSource</res-type>
				<res-auth>Container</res-auth>
				<res-sharing-scope>Shareable</res-sharing-scope>
			</resource-ref>
			<resource-ref>
				<res-ref-name>jdbc/OraDataSource</res-ref-name>
				<res-type>javax.sql.DataSource</res-type>
				<res-auth>Container</res-auth>
				<res-sharing-scope>Shareable</res-sharing-scope>
			</resource-ref>
			<resource-ref>
				<res-ref-name>jms/EMAIL</res-ref-name>
				<res-type>javax.jms.Queue</res-type>
				<res-auth>Container</res-auth>
				<res-sharing-scope>Shareable</res-sharing-scope>
			</resource-ref>
			<resource-ref>
				<res-ref-name>jms/EBIZQM</res-ref-name>
				<res-type>javax.jms.QueueConnectionFactory</res-type>
				<res-auth>Container</res-auth>
				<res-sharing-scope>Shareable</res-sharing-scope>
			</resource-ref>
		</message-driven>
	</enterprise-beans>
</ejb-jar>
