[
  {
    "categoryCode": "cat1",
    "categoryName": "Category 1",
    "categoryOrder": "1",
    "parentCategoryCode": "",
    "subCategories": [
      {
        "categoryCode": "subcat1",
        "categoryName": "Sub Category 1"
      },
      {
        "categoryCode": "subcat2",
        "categoryName": "Sub Category 2"
      },
      {
        "categoryCode": "subcat3",
        "categoryName": "Sub Category 3"
      }
    ],
    "assessingType": "none"
  },
  {
    "categoryCode": "cat2",
    "categoryName": "Category 2",
    "categoryOrder": "2",
    "parentCategoryCode": "",
    "subCategories": [
      {
        "categoryCode": "subcat1",
        "categoryName": "Sub Category 1"
      },
      {
        "categoryCode": "subcat2",
        "categoryName": "Sub Category 2"
      },
      {
        "categoryCode": "subcat3",
        "categoryName": "Sub Category 3"
      }
    ],
    "assessingType": "none"
  },
  {
    "categoryCode": "cat3",
    "categoryName": "Category 3",
    "categoryOrder": "3",
    "parentCategoryCode": "",
    "subCategories": [
      {
        "categoryCode": "subcat1",
        "categoryName": "Sub Category 1"
      },
      {
        "categoryCode": "subcat2",
        "categoryName": "Sub Category 2"
      },
      {
        "categoryCode": "subcat3",
        "categoryName": "Sub Category 3"
      }
    ],
    "assessingType": "none"
  }
]
