      <tns:StampDutyVerification xmlns:tns="http://osr.messages.gov.au/service/2.4/" xmlns:xsd="http://www.w3.org/2001/XMLSchema" xmlns:ns="http://osr.messages.gov.au/service/2.4/" xmlns:ns1="http://osr.messages.gov.au/schema/2.4/">
         <ns1:MessageHeader>
            <ns1:MessageCategory>Request</ns1:MessageCategory>
            <ns1:MessageService>Stamp Duty Verification</ns1:MessageService>
            <ns1:MessageId>8daf77a0-e76b-11e2-91e2-0800200c9a66</ns1:MessageId>
            <ns1:TransmissionTimestamp>2009-06-02T04:56:34.34</ns1:TransmissionTimestamp>
            <ns1:MessageOrigin>urn:necd.com.au:PEXA</ns1:MessageOrigin>
            <ns1:MessageDestination>sro:vic:gov:au</ns1:MessageDestination>
            <ns1:Environment>Development</ns1:Environment>
         </ns1:MessageHeader>
         <ns1:Jurisdiction>VIC</ns1:Jurisdiction>
         <!--<ns1:TransactionId></ns1:TransactionId>-->
         <ns1:ElnLodgementCaseId>{$elnoCaseId}</ns1:ElnLodgementCaseId>
         <ns1:SubscriberDetails>
            <ns1:SubscriberId>200</ns1:SubscriberId>
            <ns1:Subscriber>
               <ns1:PartyType>Sole Trader</ns1:PartyType>
               <ns1:LegalEntityName>Michael John Smith</ns1:LegalEntityName>
               <ns1:PersonFullName>
                  <ns1:GivenName order="1">Michael</ns1:GivenName>
                  <ns1:GivenName order="2">John</ns1:GivenName>
                  <ns1:FamilyName>Smith</ns1:FamilyName>
               </ns1:PersonFullName>
               <ns1:BusinessName>ABC Conveyancing</ns1:BusinessName>
               <ns1:BusinessUnit>Far West</ns1:BusinessUnit>
            </ns1:Subscriber>
            <ns1:RevenueOfficeClientId>SRO_987</ns1:RevenueOfficeClientId>
         </ns1:SubscriberDetails>
         <ns1:DocumentData>
            <ns1:DocumentId>12322323</ns1:DocumentId>
            <ns1:SubjectLandTitle>
               <ns1:LandTitleReference>
                  <ns1:Component>
                     <ns1:Name>Volume</ns1:Name>
                     <ns1:Value>12548</ns1:Value>
                  </ns1:Component>
                  <ns1:Component>
                     <ns1:Name>Folio</ns1:Name>
                     <ns1:Value>125</ns1:Value>
                  </ns1:Component>
               </ns1:LandTitleReference>
               <ns1:StreetAddress>
                  <ns1:StructuredAddress>
                     <ns1:Road order="1">
                        <ns1:RoadNumber order="1">18</ns1:RoadNumber>
                        <ns1:RoadName>KATANDRA</ns1:RoadName>
                        <ns1:RoadTypeCode>RD</ns1:RoadTypeCode>
                     </ns1:Road>
                     <ns1:LocalityName>ORMOND</ns1:LocalityName>
                     <ns1:Postcode>3204</ns1:Postcode>
                     <ns1:State>VIC</ns1:State>
                  </ns1:StructuredAddress>
               </ns1:StreetAddress>
               <ns1:LandDescription>
                  <ns1:LegalDescription>Crown Allotment 67A Parish of Smith East of Melbourne.</ns1:LegalDescription>
                  <ns1:Component>
                     <ns1:Name>Type</ns1:Name>
                     <ns1:Value>C</ns1:Value>
                  </ns1:Component>
                  <ns1:Component>
                     <ns1:Name>Spi</ns1:Name>
                     <ns1:Value>67A\PP3416B</ns1:Value>
                  </ns1:Component>
                  <ns1:Component>
                     <ns1:Name>Allotment</ns1:Name>
                     <ns1:Value>67A</ns1:Value>
                  </ns1:Component>
                  <ns1:Component>
                     <ns1:Name>ParishCode</ns1:Name>
                     <ns1:Value>3416B</ns1:Value>
                  </ns1:Component>
                  <ns1:Component>
                     <ns1:Name>ParishName</ns1:Name>
                     <ns1:Value>Parish of Smith East of Melbourne</ns1:Value>
                  </ns1:Component>
               </ns1:LandDescription>
               <ns1:EstateType>Fee Simple</ns1:EstateType>
            </ns1:SubjectLandTitle>
            <ns1:Consideration>
               <ns1:ConsiderationType>Monetary</ns1:ConsiderationType>
               <ns1:GrossConsiderationAmount>510000</ns1:GrossConsiderationAmount>
            </ns1:Consideration>
            <ns1:PartyReceivingDetail>
               <ns1:Tenancy>
                  <ns1:TenancyType>Tenants in Common</ns1:TenancyType>
                  <ns1:TenancyGroup order="1">
                     <ns1:ShareFraction>
                        <ns1:Numerator>1</ns1:Numerator>
                        <ns1:Denominator>1</ns1:Denominator>
                     </ns1:ShareFraction>
                     <ns1:TenantHolding order="1">
                        <ns1:PartyId>T_111111_1</ns1:PartyId>
                     </ns1:TenantHolding>
                  </ns1:TenancyGroup>
               </ns1:Tenancy>
            </ns1:PartyReceivingDetail>
            <ns1:PartyRelinquishingDetail>
               <ns1:Tenancy>
                  <ns1:TenancyType>Tenants in Common</ns1:TenancyType>
                  <ns1:TenancyGroup order="1">
                     <ns1:TenantHolding order="1">
                        <ns1:PartyId>T_222222_2</ns1:PartyId>
                     </ns1:TenantHolding>
                  </ns1:TenancyGroup>
               </ns1:Tenancy>
            </ns1:PartyRelinquishingDetail>
         </ns1:DocumentData>
         <ns1:InvolvedParty>
            <ns1:PartyId>T_111111_1</ns1:PartyId>
            <ns1:PartyType>Individual</ns1:PartyType>
            <ns1:LegalEntityName>Bubba Lester Watson</ns1:LegalEntityName>
            <ns1:PersonFullName>
               <ns1:GivenName order="1">Bubba</ns1:GivenName>
               <ns1:GivenName order="2">Lester</ns1:GivenName>
               <ns1:FamilyName>Watson</ns1:FamilyName>
            </ns1:PersonFullName>
            <ns1:PartyCorrespondenceAddress>
               <ns1:StreetAddress>
                  <ns1:StructuredAddress>
                     <ns1:Road order="2">
                        <ns1:RoadNumber order="1">98</ns1:RoadNumber>
                        <ns1:RoadNumber order="2">100</ns1:RoadNumber>
                        <ns1:RoadName>Moreland</ns1:RoadName>
                        <ns1:RoadTypeCode>ST</ns1:RoadTypeCode>
                     </ns1:Road>
                     <ns1:Road order="1">
                        <ns1:RoadNumber order="1">298</ns1:RoadNumber>
                        <ns1:RoadName>Moreland</ns1:RoadName>
                        <ns1:RoadTypeCode>ST</ns1:RoadTypeCode>
                     </ns1:Road>
                     <ns1:LocalityName>Alexandra</ns1:LocalityName>
                     <ns1:Postcode>4740</ns1:Postcode>
                     <ns1:State>QLD</ns1:State>
                  </ns1:StructuredAddress>
               </ns1:StreetAddress>
            </ns1:PartyCorrespondenceAddress>
            <ns1:BirthDate>1982-02-12T12:00:00+11:00</ns1:BirthDate>
         </ns1:InvolvedParty>
         <ns1:InvolvedParty>
            <ns1:PartyId>T_222222_2</ns1:PartyId>
            <ns1:PartyType>Individual</ns1:PartyType>
            <ns1:LegalEntityName>Bubba Lester Watson</ns1:LegalEntityName>
            <ns1:PersonFullName>
               <ns1:GivenName order="1">Bubba</ns1:GivenName>
               <ns1:GivenName order="2">Lester</ns1:GivenName>
               <ns1:FamilyName>Watson</ns1:FamilyName>
            </ns1:PersonFullName>
            <ns1:PartyCorrespondenceAddress>
               <ns1:StreetAddress>
                  <ns1:StructuredAddress>
                     <ns1:Road order="1">
                        <ns1:RoadNumber order="1">102</ns1:RoadNumber>
                        <ns1:RoadNumber order="2">104</ns1:RoadNumber>
                        <ns1:RoadName>Moreland</ns1:RoadName>
                        <ns1:RoadTypeCode>ST</ns1:RoadTypeCode>
                     </ns1:Road>
                     <ns1:Road order="2">
                        <ns1:RoadNumber order="2">112</ns1:RoadNumber>
                        <ns1:RoadName>Moreland</ns1:RoadName>
                        <ns1:RoadTypeCode>ST</ns1:RoadTypeCode>
                     </ns1:Road>
                     <ns1:LocalityName>Alexandra</ns1:LocalityName>
                     <ns1:Postcode>4740</ns1:Postcode>
                     <ns1:State>QLD</ns1:State>
                  </ns1:StructuredAddress>
               </ns1:StreetAddress>
            </ns1:PartyCorrespondenceAddress>
            <ns1:BirthDate>1982-02-12T12:00:00+11:00</ns1:BirthDate>
         </ns1:InvolvedParty>
         <ns1:IntendedSettlementDate>2014-03-18T15:30:00+11:00</ns1:IntendedSettlementDate>
         <ns1:ContractForSaleDate>2014-03-18T04:56:34.34</ns1:ContractForSaleDate>
         <ns1:SettlementStatus>Verify</ns1:SettlementStatus>
         <ns1:PaymentMethod>PEXA</ns1:PaymentMethod>
      </tns:StampDutyVerification>
