[
  {
    "paymentArrangementId": "123123",
    "paymentArrangementVersion": "v1",
    "customerId": "10001",
    "paymentToken": "",
    "arrangementStatus": "",
    "statusDate": "01/02/2018",
    "cancellationDate": "",
    "cancelledBy": "",
    "cancellationReason": "",
    "arrangementStartDate": "01/03/2018",
    "arrangementEndDate": "01/06/2018",
    "paymentFrequency": "",
    "paymentMethod": "",
    "directDebitAccountNumber": "",
    "bsbNumber": "",
    "creditCardNumber": "",
    "creditCardExpiryMonth": "",
    "creditCardExpiryYear": "",
    "arrangementAmount": "350.90",
    "arrangementSurcharge": "",
    "arrangementInterest": "",
    "arrangementTotalAmount": "",
    "liabilities":	[
      {
        "liabilityId": {
          "liabilityReferenceType": "",
          "liabilityReferenceId": "10001",
          "liabilityReferenceVersion": "v1",
          "revenueType": "LTX",
          "checksum": ""
        }
      }
      ],
    "instalments":	[],
    "contacts":	[],
    "actions":	[]
  },
  {
    "paymentArrangementId": "123123",
    "paymentArrangementVersion": "v1",
    "customerId": "10001",
    "paymentToken": "",
    "arrangementStatus": "",
    "statusDate": "01/02/2018",
    "cancellationDate": "",
    "cancelledBy": "",
    "cancellationReason": "",
    "arrangementStartDate": "01/03/2018",
    "arrangementEndDate": "01/06/2018",
    "paymentFrequency": "",
    "paymentMethod": "",
    "directDebitAccountNumber": "",
    "bsbNumber": "",
    "creditCardNumber": "",
    "creditCardExpiryMonth": "",
    "creditCardExpiryYear": "",
    "arrangementAmount": "1005.00",
    "arrangementSurcharge": "",
    "arrangementInterest": "",
    "arrangementTotalAmount": "",
    "liabilities":	[
      {
        "liabilityId": {
          "liabilityReferenceType": "",
          "liabilityReferenceId": "10002",
          "liabilityReferenceVersion": "v1",
          "revenueType": "LTX",
          "checksum": ""
        }
      }
      ],
    "instalments":	[],
    "contacts":	[],
    "actions":	[]
  },
  {
    "paymentArrangementId": "123123",
    "paymentArrangementVersion": "v1",
    "customerId": "10001",
    "paymentToken": "",
    "arrangementStatus": "",
    "statusDate": "01/02/2018",
    "cancellationDate": "",
    "cancelledBy": "",
    "cancellationReason": "",
    "arrangementStartDate": "01/03/2018",
    "arrangementEndDate": "01/06/2018",
    "paymentFrequency": "",
    "paymentMethod": "",
    "directDebitAccountNumber": "",
    "bsbNumber": "",
    "creditCardNumber": "",
    "creditCardExpiryMonth": "",
    "creditCardExpiryYear": "",
    "arrangementAmount": "4559.90",
    "arrangementSurcharge": "",
    "arrangementInterest": "",
    "arrangementTotalAmount": "",
    "liabilities":	[
      {
        "liabilityId": {
          "liabilityReferenceType": "",
          "liabilityReferenceId": "10003",
          "liabilityReferenceVersion": "v1",
          "revenueType": "LTX",
          "checksum": ""
        }
      }
      ],
    "instalments":	[],
    "contacts":	[],
    "actions":	[]
  }
]
