<?xml version="1.0" encoding="UTF-8"?>
<beans xmlns="http://www.springframework.org/schema/beans" xmlns:security="http://www.springframework.org/schema/security" xmlns:xsi="http://www.w3.org/2001/XMLSchema-instance" xsi:schemaLocation="http://www.springframework.org/schema/beans http://www.springframework.org/schema/beans/spring-beans.xsd http://www.springframework.org/schema/security
          http://www.springframework.org/schema/security/spring-security.xsd">

	<!-- Beans. -->

	<!-- Security. -->
	<security:http pattern="/QuickVaultRegistrationNotification" security="none" />
	<security:http pattern="/faces/public/login.xhtml" security="none" />
	<security:http pattern="/faces/public/error.xhtml" security="none" />
	<security:http auto-config="true">
		<security:intercept-url pattern="/faces/public/**" access="IS_AUTHENTICATED_ANONYMOUSLY" />
		<security:intercept-url pattern="/faces/arrangement/**" access="ROLE_USER" requires-channel="https" />
		<security:form-login login-page="/faces/public/login.xhtml" login-processing-url="/j_security_check" username-parameter="username" password-parameter="password" authentication-failure-url="/faces/public/login.xhtml?error=true" default-target-url="/faces/arrangement/arrangement.xhtml" always-use-default-target="true" />
		<security:session-management invalid-session-url="/faces/public/login.xhtml?expired=true" session-fixation-protection="newSession">
			<security:concurrency-control max-sessions="1" expired-url="/faces/public/login.xhtml?concurrent=true" />
		</security:session-management>
		<security:logout logout-url="/j_spring_security_logout" delete-cookies="JSESSIONID" invalidate-session="true" logout-success-url="/faces/public/login.xhtml?logout=true" />
		<security:access-denied-handler error-page="/faces/public/login.xhtml?denied=true" />
	</security:http>
	<security:authentication-manager>
		<security:authentication-provider user-service-ref="userDetailsService" />
	</security:authentication-manager>

</beans>

