<?xml version="1.0" encoding="UTF-8"?>
<databaseChangeLog xmlns="http://www.liquibase.org/xml/ns/dbchangelog" xmlns:xsi="http://www.w3.org/2001/XMLSchema-instance" xsi:schemaLocation="http://www.liquibase.org/xml/ns/dbchangelog
         http://www.liquibase.org/xml/ns/dbchangelog/dbchangelog-3.6.xsd">

	<!-- Baseline schema -->
	<changeSet author="mxs14" id="baseline">
		<comment>SRO OAuth tokenstore Liquibase baseline</comment>
		<sqlFile encoding="utf8" path="ddl/create_schema.sql" splitStatements="true" stripComments="true" relativeToChangelogFile="true"/>
		<sqlFile encoding="utf8" path="ddl/grant_to_appuser.sql" splitStatements="true" stripComments="true" relativeToChangelogFile="true"/>
		<rollback>
			<sqlFile encoding="utf8" path="ddl/drop_schema.sql" splitStatements="true" stripComments="true" relativeToChangelogFile="true"/>
		</rollback>
	</changeSet>
	<!-- Tag -->
	<changeSet author="mxs14" id="baseline-schema">
		<tagDatabase tag="baseline-schema"/>
	</changeSet>
	<!-- Client data -->
	<changeSet author="mxs14" id="baseline_client_data">
		<comment>Initial OAuth2 clinets</comment>
		<sqlFile encoding="utf8" path="sql/create_clients.sql" splitStatements="true" stripComments="true" relativeToChangelogFile="true"/>
		<rollback>
			<sqlFile encoding="utf8" path="sql/delete_clients.sql" splitStatements="true" stripComments="true" relativeToChangelogFile="true"/>
		</rollback>
	</changeSet>
	<!-- Tag -->
	<changeSet author="mxs14" id="baseline-client-data">
		<tagDatabase tag="baseline-client-data"/>
	</changeSet>

</databaseChangeLog>
