<?xml version="1.0" encoding="UTF-8"?>
<!-- Refer to http://logging.apache.org/log4j/2.x/manual/configuration.html#ConfigurationSyntax -->
<Configuration name="autoPayPropertiesConfig" status="info">
	<Properties>
		<Property name="log-path">$${sys:ebiz.config.root}/logs/$${sys:ServerName}</Property>
	</Properties>
	<Appenders>
		<RollingFile name="appLogAppender" fileName="${log-path}/autoPay.log" filePattern="${log-path}/autoPay-%d{yyyy-MM-dd}-%i.log">
			<PatternLayout>
				<pattern>%d{yyyy-MM-dd HH:mm:ss.SSS} [%p] %t %C.%M(%L) | %m%n</pattern>
			</PatternLayout>
			<Policies>
				<SizeBasedTriggeringPolicy size="10 MB" />
			</Policies>
			<DefaultRolloverStrategy max="10" />
		</RollingFile>
		<RollingFile name="jsLogAppender" fileName="${log-path}/autoPayJS.log" filePattern="${log-path}/autoPayJS-%d{yyyy-MM-dd}-%i.log">
			<PatternLayout>
				<pattern>%d{yyyy-MM-dd HH:mm:ss.SSS} [%p] %t %C.%M(%L) | %m%n</pattern>
			</PatternLayout>
			<Policies>
				<SizeBasedTriggeringPolicy size="10 MB" />
			</Policies>
			<DefaultRolloverStrategy max="10" />
		</RollingFile>
		<RollingFile name="emailLogAppender" fileName="${log-path}/autoPayEmail.log" filePattern="${log-path}/autoPayEmail-%d{yyyy-MM-dd}-%i.log">
			<PatternLayout>
				<pattern>%d{yyyy-MM-dd HH:mm:ss.SSS} [%p] %t %C.%M(%L) | %m%n</pattern>
			</PatternLayout>
			<Policies>
				<SizeBasedTriggeringPolicy size="10 MB" />
			</Policies>
			<DefaultRolloverStrategy max="10" />
		</RollingFile>
	</Appenders>
	<Loggers>
		<Root level="info" additivity="false">
			<AppenderRef ref="appLogAppender" />
		</Root>
		<Logger name="au.gov.vic.sro" level="debug" additivity="false">
			<AppenderRef ref="appLogAppender" />
		</Logger>
		<Logger name="au.gov.vic.sro.autopay.web.servlet.JavascriptErrorLoggerServlet" level="debug" additivity="false">
			<AppenderRef ref="jsLogAppender" />
		</Logger>
		<Logger name="au.gov.vic.sro.autopay.service.email" level="debug" additivity="false">
			<AppenderRef ref="emailLogAppender" />
		</Logger>
		<Logger name="au.gov.vic.sro.emailer" level="debug" additivity="false">
			<AppenderRef ref="emailLogAppender" />
		</Logger>
		<Logger name="org.ehcache" level="info" additivity="false">
			<AppenderRef ref="appLogAppender" />
		</Logger>
		<Logger name="org.hibernate" level="info" additivity="false">
			<AppenderRef ref="appLogAppender" />
		</Logger>
		<Logger name="org.springframework" level="info" additivity="false">
			<AppenderRef ref="appLogAppender" />
		</Logger>
	</Loggers>
</Configuration>