{
  "arrangementAmount": 1890,
  "arrangementSurcharge": 86,
  "arrangementInterest": 67.90,
  "arrangementTotalAmount": 2035.90,
  "instalments": [
  {
    "instalmentNo": "30001",
    "paymentArrangementId": "",
    "paymentArrangementVersion": "",
    "instalmentStatus": "",
    "dueDate": "02/08/2018",
    "amount": 300.00,
    "surcharge": 2.00,
    "interest": 3.3,
    "totalAmount": "306.30",
    "requestSentCode": "",
    "dateRequestSent": "",
    "paoTransactionNumber": "",
    "quickbatchSummaryCode": "",
    "quickbatchResponseCode": "",
    "arrangementAction": ""
  },
  {
    "instalmentNo": "30002",
    "paymentArrangementId": "",
    "paymentArrangementVersion": "",
    "instalmentStatus": "",
    "dueDate": "02/09/2018",
    "amount": 300.00,
    "surcharge": 2.00,
    "interest": 3.3,
    "totalAmount": "306.30",
    "requestSentCode": "",
    "dateRequestSent": "",
    "paoTransactionNumber": "",
    "quickbatchSummaryCode": "",
    "quickbatchResponseCode": "",
    "arrangementAction": ""
  },
  {
    "instalmentNo": "30003",
    "paymentArrangementId": "",
    "paymentArrangementVersion": "",
    "instalmentStatus": "",
    "dueDate": "02/10/2018",
    "amount": 300.00,
    "surcharge": 2.00,
    "interest": 3.3,
    "totalAmount": "306.30",
    "requestSentCode": "",
    "dateRequestSent": "",
    "paoTransactionNumber": "",
    "quickbatchSummaryCode": "",
    "quickbatchResponseCode": "",
    "arrangementAction": ""
  },
  {
    "instalmentNo": "30004",
    "paymentArrangementId": "",
    "paymentArrangementVersion": "",
    "instalmentStatus": "",
    "dueDate": "02/11/2018",
    "amount": 300.00,
    "surcharge": 2.00,
    "interest": 3.3,
    "totalAmount": "306.30",
    "requestSentCode": "",
    "dateRequestSent": "",
    "paoTransactionNumber": "",
    "quickbatchSummaryCode": "",
    "quickbatchResponseCode": "",
    "arrangementAction": ""
  },
  {
    "instalmentNo": "30005",
    "paymentArrangementId": "",
    "paymentArrangementVersion": "",
    "instalmentStatus": "",
    "dueDate": "02/12/2018",
    "amount": 300.00,
    "surcharge": 2.00,
    "interest": 3.3,
    "totalAmount": "306.30",
    "requestSentCode": "",
    "dateRequestSent": "",
    "paoTransactionNumber": "",
    "quickbatchSummaryCode": "",
    "quickbatchResponseCode": "",
    "arrangementAction": ""
  },
  {
    "instalmentNo": "30006",
    "paymentArrangementId": "",
    "paymentArrangementVersion": "",
    "instalmentStatus": "",
    "dueDate": "02/01/2019",
    "amount": 300.00,
    "surcharge": 2.00,
    "interest": 3.3,
    "totalAmount": "306.30",
    "requestSentCode": "",
    "dateRequestSent": "",
    "paoTransactionNumber": "",
    "quickbatchSummaryCode": "",
    "quickbatchResponseCode": "",
    "arrangementAction": ""
  }
]
}
