{
  "swagger" : "2.0",
  "info" : {
    "description" : "Intech Address API to search for intech addresses that match an 'addressLine' input and to standardise and an intech address.",
    "version" : "1.0.0",
    "title" : "Intech Address API",
    "contact" : {
      "name" : "SRO IT Java Development team"
    },
    "license" : {
      "name" : "Apache 2.0",
      "url" : "http://www.apache.org/licenses/LICENSE-2.0.html"
    }
  },
  "host" : "virtserver.swaggerhub.com",
  "basePath" : "/jxj1/IntechAddress/1.0.0",
  "schemes" : [ "https" ],
  "consumes" : [ "application/json" ],
  "produces" : [ "application/json" ],
  "paths" : {
    "/search" : {
      "get" : {
        "description" : "Retrieve a list of intech addresses that closely match a a partial 'addressLine'.\n",
        "operationId" : "getMatchingAddresses",
        "produces" : [ "application/json" ],
        "parameters" : [ {
          "name" : "addressLine",
          "in" : "query",
          "description" : "pass in mandatory intech address line",
          "required" : true,
          "type" : "string"
        }, {
          "name" : "victorianAddressesOnly",
          "in" : "query",
          "description" : "indicator whether to return only victorian addresses",
          "required" : false,
          "type" : "boolean",
          "default" : false
        }, {
          "name" : "excludePostalAddress",
          "in" : "query",
          "description" : "indicator whether to filter out postal addresses",
          "required" : false,
          "type" : "boolean",
          "default" : false
        }, {
          "name" : "limit",
          "in" : "query",
          "description" : "maximum number of records to return",
          "required" : false,
          "type" : "integer",
          "maximum" : 50.0,
          "minimum" : 0,
          "format" : "int32"
        } ],
        "responses" : {
          "200" : {
            "description" : "a list of addresses that match the addressLine (up to maximum of [limit])",
            "schema" : {
              "type" : "array",
              "items" : {
                "$ref" : "#/definitions/AddressLine"
              }
            }
          },
          "400" : {
            "description" : "bad input parameter"
          }
        }
      }
    },
    "/standardise" : {
      "get" : {
        "description" : "Take a single line 'addressLine' \n",
        "operationId" : "standardiseAddress",
        "produces" : [ "application/json" ],
        "parameters" : [ {
          "name" : "addressLine",
          "in" : "query",
          "description" : "pass in mandatory intech address line",
          "required" : true,
          "type" : "string"
        } ],
        "responses" : {
          "200" : {
            "description" : "standardised address",
            "schema" : {
              "$ref" : "#/definitions/Address"
            }
          },
          "400" : {
            "description" : "bad input parameter"
          }
        }
      }
    }
  },
  "definitions" : {
    "AddressLine" : {
      "required" : [ "addressLine" ],
      "properties" : {
        "addressLine" : {
          "type" : "string"
        }
      }
    },
    "Address" : {
      "type" : "object",
      "required" : [ "addressFormatType", "addressLine", "buildingName", "country", "flatUnitNumber", "flatUnitType", "floorLevelNumber", "floorLevelType", "locality", "lotNumber", "overseasAddressLine1", "overseasAddressLine2", "overseasAddressLine3", "postalBoxDeliveryNumber", "postalBoxPrefix", "postalBoxSuffix", "postalBoxType", "postcode", "state", "streetName", "streetNumberFrom", "streetNumberTo", "streetSuffixType", "streetType" ],
      "properties" : {
        "addressFormatType" : {
          "type" : "string",
          "format" : "string",
          "example" : "STREET / LOT / POSTAL / OVERSEAS"
        },
        "addressLine" : {
          "type" : "string",
          "format" : "string",
          "example" : "2 Smith Street Fitzroy VIC 3065"
        },
        "flatUnitType" : {
          "type" : "string",
          "format" : "string",
          "example" : "FL (Flat)"
        },
        "flatUnitNumber" : {
          "type" : "string",
          "format" : "string",
          "example" : "12 (eg Flat 12)"
        },
        "floorLevelType" : {
          "type" : "string",
          "format" : "string",
          "example" : "F (Floor)"
        },
        "floorLevelNumber" : {
          "type" : "string",
          "format" : "string",
          "example" : "1 (eg Floor 1)"
        },
        "buildingName" : {
          "type" : "string",
          "format" : "string",
          "example" : "Efron Towers"
        },
        "lotNumber" : {
          "type" : "string",
          "format" : "string",
          "example" : "40 (Lot"
        },
        "streetNumberFrom" : {
          "type" : "string",
          "format" : "string",
          "example" : "7A"
        },
        "streetNumberTo" : {
          "type" : "string",
          "format" : "string",
          "example" : "16B"
        },
        "streetName" : {
          "type" : "string",
          "format" : "string",
          "example" : "Smith eg. (Smith St Fitzroy)"
        },
        "streetType" : {
          "type" : "string",
          "format" : "string",
          "example" : "ST eg. (Street)"
        },
        "streetSuffixType" : {
          "type" : "string",
          "format" : "string",
          "example" : "S (South)"
        },
        "postalBoxType" : {
          "type" : "string",
          "format" : "string",
          "example" : "PO BOX"
        },
        "postalBoxPrefix" : {
          "type" : "string",
          "format" : "string",
          "example" : "null"
        },
        "postalBoxDeliveryNumber" : {
          "type" : "string",
          "format" : "string",
          "example" : "null"
        },
        "postalBoxSuffix" : {
          "type" : "string",
          "format" : "string",
          "example" : "null"
        },
        "locality" : {
          "type" : "string",
          "format" : "string",
          "example" : "Melbourne"
        },
        "state" : {
          "type" : "string",
          "format" : "string",
          "example" : "VIC"
        },
        "postcode" : {
          "type" : "string",
          "format" : "string",
          "example" : "3000"
        },
        "overseasAddressLine1" : {
          "type" : "string",
          "format" : "string",
          "example" : "null"
        },
        "overseasAddressLine2" : {
          "type" : "string",
          "format" : "string",
          "example" : "null"
        },
        "overseasAddressLine3" : {
          "type" : "string",
          "format" : "string",
          "example" : "null"
        },
        "country" : {
          "type" : "string",
          "format" : "string",
          "example" : "Australia"
        }
      }
    }
  }
}