{
  "swagger" : "2.0",
  "info" : {
    "description" : "Reference data API",
    "version" : "1.2.0",
    "title" : "Reference Data API",
    "termsOfService" : "",
    "contact" : { }
  },
  "host" : "thecontactsapi.restlet.net",
  "basePath" : "/v1",
  "schemes" : [ "https" ],
  "consumes" : [ "application/json" ],
  "produces" : [ "application/json" ],
  "paths" : {
    "/referencedata/" : {
      "get" : {
        "summary" : "Get a list of reference data items",
        "description" : "Loads reference data",
        "parameters" : [ ],
        "responses" : {
          "200" : {
            "description" : "Status 200",
            "schema" : {
              "$ref" : "#/definitions/ReferenceData"
            },
            "examples" : {
              "application/json" : "[{\n  \"type\": \"STREET_TYPE\",\n  \"code\": \"ST\",\n  \"label\": \"Street\",\n  \"shortLabel\": \"\"\n}]"
            }
          },
          "400" : {
            "description" : "Status 400",
            "schema" : {
              "$ref" : "#/definitions/Error"
            }
          }
        }
      }
    }
  },
  "definitions" : {
    "Error" : {
      "type" : "object",
      "required" : [ "code" ],
      "properties" : {
        "code" : {
          "type" : "integer",
          "minimum" : 400,
          "maximum" : 599
        },
        "description" : {
          "type" : "string",
          "example" : "Bad query parameter [$size]: Invalid integer value [abc]"
        },
        "reasonPhrase" : {
          "type" : "string",
          "example" : "Bad Request"
        }
      },
      "description" : "This general error structure is used throughout this API.",
      "example" : "{\n  \"code\": 400,\n  \"description\": \"Bad query parameter [$size]: Invalid integer value [abc]\",\n  \"reasonPhrase\": \"Bad Request\"\n}"
    },
    "ReferenceData" : {
      "type" : "object",
      "required" : [ "code", "label", "type" ],
      "properties" : {
        "type" : {
          "type" : "string",
          "description" : "The type of reference data item",
          "example" : "STREET_TYPE"
        },
        "code" : {
          "type" : "string",
          "description" : "eSys code of reference data item",
          "example" : "ST (Street)"
        },
        "label" : {
          "type" : "string",
          "description" : "eSys description of reference data item",
          "example" : "Street"
        },
        "shortLabel" : {
          "type" : "string",
          "description" : "Short label of reference data item",
          "example" : "Individual"
        }
      },
      "description" : "A representation of reference data.",
      "example" : "{\n  \"id\": \"0e8dd830-ad98-11e6-bf2e-47644ada7c0f\",\n  \"firstName\": \"John\",\n  \"lastName\": \"Smith\",\n  \"birthday\": 152755200000,\n  \"active\": true,\n  \"rank\": 1,\n  \"company\": \"0e8cedd0-ad98-11e6-bf2e-47644ada7c0f\"\n}"
    }
  }
}