{
  "swagger" : "2.0",
  "info" : {
    "description" : "AutoPay Instalments",
    "version" : "1.0.0",
    "title" : "Managing AutoPay Instalments",
    "contact" : { }
  },
  "host" : "localtest.e-business.sro.vic.gov.au:9444",
  "schemes" : [ "http" ],
  "consumes" : [ "application/json" ],
  "produces" : [ "application/json" ],
  "paths" : {
    "/authenticate" : {
      "post" : {
        "summary" : "authenticate",
        "consumes" : [ "application/json" ],
        "parameters" : [ {
          "name" : "body",
          "in" : "body",
          "required" : true,
          "schema" : {
            "$ref" : "#/definitions/CustomerIdentity"
          }
        } ],
        "responses" : {
          "200" : {
            "description" : "Status 200",
            "schema" : {
              "type" : "string"
            }
          },
          "400" : {
            "description" : "Status 400",
            "schema" : {
              "type" : "array",
              "items" : {
                "$ref" : "#/definitions/Error"
              }
            }
          }
        }
      }
    }
  },
  "definitions" : {
    "CustomerIdentity" : {
      "type" : "object",
      "properties" : {
        "isExistingCustomer" : {
          "type" : "boolean"
        },
        "hasReceivedCorrespondence" : {
          "type" : "boolean"
        },
        "correspondenceId" : {
          "type" : "string"
        },
        "issueDate" : {
          "type" : "string",
          "format" : "date"
        },
        "customerId" : {
          "type" : "string"
        },
        "vltCorrespondenceId" : {
          "type" : "string"
        },
        "referenceId" : {
          "type" : "string"
        },
        "vltAssessmentId" : {
          "type" : "string"
        },
        "ltxAssessmentId" : {
          "type" : "string"
        }
      }
    },
    "Error" : {
      "type" : "array",
      "items" : {
        "required" : [ "errorCode" ],
        "type" : "object",
        "properties" : {
          "errorCode" : {
            "type" : "string"
          },
          "errorText" : {
            "type" : "string"
          },
          "errorLocation" : {
            "type" : "string"
          }
        }
      }
    }
  }
}