<?xml version="1.0" encoding="UTF-8"?>
<assembly xmlns="http://maven.apache.org/ASSEMBLY/2.0.0" xmlns:xsi="http://www.w3.org/2001/XMLSchema-instance" xsi:schemaLocation="http://maven.apache.org/ASSEMBLY/2.0.0 http://maven.apache.org/xsd/assembly-2.0.0.xsd">
	<id>app</id>
	<formats>
		<format>zip</format>
	</formats>
	<baseDirectory>SRONgComponents</baseDirectory>
	<fileSets>
		<fileSet>
			<directory>${project.basedir}/dist/SRONgComponents</directory>
			<outputDirectory/>
		</fileSet>
	</fileSets>
</assembly>
