<?xml version="1.0" encoding="UTF-8"?>
<configuration>
	<property name="LOG_PATH" value="${appserver.log.dir}/${ServerName}"/>
	<property name="LOG_FILE" value="duties.transfer" />
	<appender name="STDOUT" class="ch.qos.logback.core.ConsoleAppender">
		<encoder class="ch.qos.logback.classic.encoder.PatternLayoutEncoder">
			<pattern>%d{yyyy-MM-dd HH:mm:ss.SSS} [%thread] %-5level %logger{36}.%M\(%L\) | [%X{username}] - %msg%n</pattern>
		</encoder>
	</appender>
	<appender name="FILE" class="ch.qos.logback.core.rolling.RollingFileAppender">
		<file>${LOG_PATH}/${LOG_FILE}.log</file>
		<encoder class="ch.qos.logback.classic.encoder.PatternLayoutEncoder">
			<pattern>%d{yyyy-MM-dd HH:mm:ss.SSS} [%thread] %-5level %logger{36}.%M\(%L\) | [%X{username}] - %msg%n</pattern>
		</encoder>
		<!-- <rollingPolicy class="ch.qos.logback.core.rolling.TimeBasedRollingPolicy">
			<fileNamePattern>${LOG_PATH}/${LOG_FILE}.%d{dd-MM-yyyy}.log</fileNamePattern>
			<maxHistory>100</maxHistory>
			<totalSizeCap>100MB</totalSizeCap>
		</rollingPolicy> -->
		<rollingPolicy class="ch.qos.logback.core.rolling.FixedWindowRollingPolicy">
			<fileNamePattern>${LOG_PATH}/${LOG_FILE}.log.%i.gz</fileNamePattern>
			<minIndex>1</minIndex>
			<maxIndex>10</maxIndex>
		</rollingPolicy>
		<triggeringPolicy class="ch.qos.logback.core.rolling.SizeBasedTriggeringPolicy">
			<maxFileSize>10MB</maxFileSize>
		</triggeringPolicy>
	</appender>
	<logger name="org.apache" level="WARN">
		<appender-ref ref="FILE" />
	</logger>
	<logger name="org.hibernate" level="WARN">
		<appender-ref ref="FILE" />
	</logger>
	<logger name="org.springframework" level="WARN">
		<appender-ref ref="FILE" />
	</logger>
	<logger name="au.gov.vic.sro" level="INFO">
		<appender-ref ref="FILE" />
	</logger>
	<root level="INFO">
		<appender-ref ref="FILE" />
	</root>
</configuration>
