[
  {
    "request": {
      "url": "^/dol/claim/lodgement/([0-9]*)?[^=]*(.*)$",
      "method": "GET"
    },
    "response": {
      "status": 200,
      "headers": {
        "Content-Type": "application/json; charset=ISO-8859-1"
      },
      "file": "lodgements/lodgementResponse1.json"
    }
  },
  {
    "request": {
      "url": "^/dol/claim/categories$",
      "method": "GET"
    },
    "response": {
      "status": 200,
      "headers": {
        "Content-Type": "application/json; charset=ISO-8859-1"
      },
      "file": "categories/categoriesResponse1.json"
    }
  }

]