[
  {
    "request": {
      "url": "^/dutiesservice/lodgement/(N0[0-9]*)/claim$",
      "method": "POST"
    },
    "response": {
      "status": 200,
      "headers": {
        "Content-Type": "application/json; charset=ISO-8859-1"
      },
      "file": "lodgements/lodgementResponse-Error1.json"
    }
  },
  {
    "request": {
      "url": "^/dutiesservice/lodgement/(REF[0-9]*)/claim$",
      "method": "POST"
    },
    "response": {
      "status": 200,
      "headers": {
        "Content-Type": "application/json; charset=ISO-8859-1"
      },
      "file": "lodgements/lodgementResponse-Success1.json"
    }
  },
  {
    "request": {
      "url": "^/dutiesservice/lodgement/N1([0-9]*)?[^=]*(.*)$",
      "method": "GET"
    },
    "response": {
      "status": 200,
      "headers": {
        "Content-Type": "application/json; charset=ISO-8859-1"
      },
      "file": "lodgements/lodgementResponse-Success1.json"
    }
  },
  {
    "request": {
      "url": "^/dutiesservice/lodgement/N0([1-9]*)?[^=]*(.*)$",
      "method": "GET"
    },
    "response": {
      "status": 200,
      "headers": {
        "Content-Type": "application/json; charset=ISO-8859-1"
      },
      "file": "lodgements/lodgementResponse-Error1.json"
    }
  },
  {
    "request": {
      "url": "^/dutiesservice/lodgement/N9[1-9]*?.*$",
      "method": "GET"
    },
    "response": {
      "status": 500,
      "headers": {
        "Content-Type": "application/json; charset=ISO-8859-1"
      }
    }
  },
  {
    "request": {
      "url": "^/dutiesservice/categories$",
      "method": "GET"
    },
    "response": {
      "status": 200,
      "headers": {
        "Content-Type": "application/json; charset=ISO-8859-1"
      },
      "file": "categories/categoriesResponse-Success1.json"
    }
  }

]