<?xml version="1.0" encoding="UTF-8"?>
<application id="Application_ID" version="5" xmlns="http://java.sun.com/xml/ns/javaee" xmlns:xsi="http://www.w3.org/2001/XMLSchema-instance" xsi:schemaLocation="http://java.sun.com/xml/ns/javaee http://java.sun.com/xml/ns/javaee/application_5.xsd">

	<display-name>AutoPayEar</display-name>

	<module>
		<web>
			<web-uri>AutoPayWeb.war</web-uri>
			<context-root>autopayservice</context-root>
		</web>
	</module>

	<module>
		<web>
			<web-uri>AutoPayAppWeb.war</web-uri>
			<context-root>autopay</context-root>
		</web>
	</module>

	<security-role>
		<role-name>nobody</role-name>
	</security-role>

	<security-role>
		<role-name>Customer</role-name>
	</security-role>

	<security-role>
		<role-name>Staff</role-name>
	</security-role>

	<library-directory>lib</library-directory>

</application>