[
  {
    "request": {
      "url": "^/autopayservice/api/users/login$",
      "method": "POST"
    },
    "response": {
      "status": 200,
      "headers": {
        "Content-Type": "application/json; charset=ISO-8859-1"
      },
      "body": "{\"token\": \"eyJhbGciOiJIUzI1NiJ9.eyJhdXRoIjoiQ3VzdG9tZXIiLCJjdXN0b21lcklkIjoiODM1MzM3NDAiLCJyZXZlbnVlTGluZSI6IkxUWCIsInVzZXJuYW1lIjpudWxsLCJpYXQiOjE1MzI2NjM4NjAsImV4cCI6MTUzMjY2NzQ2MH0.J92gJ_o6cNJMparaKzCQQepRqPowIvCikPVQfHzzuf4\"}"
    }
  },
  {
    "request": {
      "url": "^/autopayservice/api/liabilities/?(.*)$",
      "method": "GET"
    },
    "response": {
      "status": 200,
      "headers": {
        "Content-Type": "application/json; charset=ISO-8859-1"
      },
      "file": "liabilities/listOfLiabilitiesResponse1.json"
    }
  },
  {
    "request": {
      "url": "^/autopayservice/api/arrangements/?(.*)$",
      "method": "GET"
    },
    "response": {
      "status": 200,
      "headers": {
        "Content-Type": "application/json; charset=ISO-8859-1"
      },
      "file": "arrangements/listOfArrangementsResponse1.json"
    }
  },
  {
    "request": {
      "url": "^/autopayservice/api/instalments/?(.*)$",
      "method": "POST"
    },
    "response": {
      "status": 200,
      "headers": {
        "Content-Type": "application/json; charset=ISO-8859-1"
      },
      "file": "instalments/createInstalmentsResponse1.json"
    }
  }
]
