[
  {
    "categoryCode": "426",
    "categoryName": "Adjustment to Dutiable Value|Agreement that reduces the value of the property",
    "categoryOrder": 0,
    "parentCategoryCode": null,
    "subCategories": [],
    "assessingMethodType": "MANUAL",
    "active": true,
    "assessingType": "MANUAL"
  },
  {
    "categoryCode": "427",
    "categoryName": "Adjustment to Dutiable Value|Transferee Improvements",
    "categoryOrder": 0,
    "parentCategoryCode": null,
    "subCategories": [],
    "assessingMethodType": "MANUAL",
    "active": true,
    "assessingType": "MANUAL"
  },
  {
    "categoryCode": "428",
    "categoryName": "Adjustment to Dutiable Value|No Double Duty",
    "categoryOrder": 0,
    "parentCategoryCode": null,
    "subCategories": [],
    "assessingMethodType": "MANUAL",
    "active": true,
    "assessingType": "MANUAL"
  },
  {
    "categoryCode": "406",
    "categoryName": "Aggregation|Aggregation",
    "categoryOrder": 0,
    "parentCategoryCode": null,
    "subCategories": [],
    "assessingMethodType": "MANUAL",
    "active": true,
    "assessingType": "MANUAL"
  },
  {
    "categoryCode": "422",
    "categoryName": "Bankruptcy Matters|Bankruptcy Matters",
    "categoryOrder": 0,
    "parentCategoryCode": null,
    "subCategories": [],
    "assessingMethodType": "MANUAL",
    "active": true,
    "assessingType": "MANUAL"
  },
  {
    "categoryCode": "435",
    "categoryName": "Change in the Manner of Holding (equal shares)|Change in the manner of holding two parties in equal shares (joint tenants in common or vice versa)",
    "categoryOrder": 0,
    "parentCategoryCode": null,
    "subCategories": [],
    "assessingMethodType": "SYSTEM",
    "active": true,
    "assessingType": "SYSTEM"
  },
  {
    "categoryCode": "436",
    "categoryName": "Change in the Manner of Holding (equal shares)|Change in the manner of holding - more than two parties",
    "categoryOrder": 0,
    "parentCategoryCode": null,
    "subCategories": [],
    "assessingMethodType": "MANUAL",
    "active": true,
    "assessingType": "MANUAL"
  },
  {
    "categoryCode": "418",
    "categoryName": "Deceased Estate Transfers|Deceased Estate Exemption",
    "categoryOrder": 0,
    "parentCategoryCode": null,
    "subCategories": [],
    "assessingMethodType": "SYSTEM",
    "active": true,
    "assessingType": "SYSTEM"
  },
  {
    "categoryCode": "417",
    "categoryName": "Deceased Estate Transfers|Deceased Estate (outside of the term of the Will)",
    "categoryOrder": 0,
    "parentCategoryCode": null,
    "subCategories": [],
    "assessingMethodType": "MANUAL",
    "active": true,
    "assessingType": "MANUAL"
  },
  {
    "categoryCode": "425",
    "categoryName": "Historical & Terms Contracts|Historical & Terms Contracts",
    "categoryOrder": 0,
    "parentCategoryCode": null,
    "subCategories": [],
    "assessingMethodType": "MANUAL",
    "active": true,
    "assessingType": "MANUAL"
  },
  {
    "categoryCode": "438",
    "categoryName": "On-Sales|On-Sales",
    "categoryOrder": 0,
    "parentCategoryCode": null,
    "subCategories": [],
    "assessingMethodType": "MANUAL",
    "active": true,
    "assessingType": "MANUAL"
  },
  {
    "categoryCode": "443",
    "categoryName": "Other|Transfers involving more than 20 Volume/Folios",
    "categoryOrder": 0,
    "parentCategoryCode": null,
    "subCategories": [],
    "assessingMethodType": "MANUAL",
    "active": true,
    "assessingType": "MANUAL"
  },
  {
    "categoryCode": "442",
    "categoryName": "Other|Pensioner Concession where there are more than 2 Transferees",
    "categoryOrder": 0,
    "parentCategoryCode": null,
    "subCategories": [],
    "assessingMethodType": "MANUAL",
    "active": true,
    "assessingType": "MANUAL"
  },
  {
    "categoryCode": "441",
    "categoryName": "Other|Interim Stamping",
    "categoryOrder": 0,
    "parentCategoryCode": null,
    "subCategories": [],
    "assessingMethodType": "MANUAL",
    "active": true,
    "assessingType": "MANUAL"
  },
  {
    "categoryCode": "440",
    "categoryName": "Other|FPAD Exemption calculations where there are more than 2 transferees",
    "categoryOrder": 0,
    "parentCategoryCode": null,
    "subCategories": [],
    "assessingMethodType": "MANUAL",
    "active": true,
    "assessingType": "MANUAL"
  },
  {
    "categoryCode": "439",
    "categoryName": "Other|Transfers, other than deceased estates, with more than 1 consideration",
    "categoryOrder": 0,
    "parentCategoryCode": null,
    "subCategories": [],
    "assessingMethodType": "MANUAL",
    "active": true,
    "assessingType": "MANUAL"
  },
  {
    "categoryCode": "419",
    "categoryName": "Partition or NICO|Partition",
    "categoryOrder": 0,
    "parentCategoryCode": null,
    "subCategories": [],
    "assessingMethodType": "MANUAL",
    "active": true,
    "assessingType": "MANUAL"
  },
  {
    "categoryCode": "420",
    "categoryName": "Partition or NICO|NICO",
    "categoryOrder": 0,
    "parentCategoryCode": null,
    "subCategories": [],
    "assessingMethodType": "MANUAL",
    "active": true,
    "assessingType": "MANUAL"
  },
  {
    "categoryCode": "404",
    "categoryName": "Primary Production Land|Primary Production Land without concessions",
    "categoryOrder": 0,
    "parentCategoryCode": null,
    "subCategories": [],
    "assessingMethodType": "SYSTEM",
    "active": true,
    "assessingType": "SYSTEM"
  },
  {
    "categoryCode": "403",
    "categoryName": "Primary Production Land|Family Farm Exemption",
    "categoryOrder": 0,
    "parentCategoryCode": null,
    "subCategories": [],
    "assessingMethodType": "SYSTEM",
    "active": true,
    "assessingType": "SYSTEM"
  },
  {
    "categoryCode": "401",
    "categoryName": "Primary Production Land|Young Farmers Exemption",
    "categoryOrder": 0,
    "parentCategoryCode": null,
    "subCategories": [],
    "assessingMethodType": "MANUAL",
    "active": true,
    "assessingType": "MANUAL"
  },
  {
    "categoryCode": "405",
    "categoryName": "Primary Production Land|Primary Production - Disaggregation, Water Entitlements, Goods and Livestock",
    "categoryOrder": 0,
    "parentCategoryCode": null,
    "subCategories": [],
    "assessingMethodType": "MANUAL",
    "active": true,
    "assessingType": "MANUAL"
  },
  {
    "categoryCode": "402",
    "categoryName": "Primary Production Land|Family Farm transfer to a company, trust or association",
    "categoryOrder": 0,
    "parentCategoryCode": null,
    "subCategories": [],
    "assessingMethodType": "MANUAL",
    "active": true,
    "assessingType": "MANUAL"
  },
  {
    "categoryCode": "421",
    "categoryName": "Re-alignment of Boundaries|Re-alignment of Boundaries",
    "categoryOrder": 0,
    "parentCategoryCode": null,
    "subCategories": [],
    "assessingMethodType": "MANUAL",
    "active": true,
    "assessingType": "MANUAL"
  },
  {
    "categoryCode": "444",
    "categoryName": "Regional Commercial Industrial Concession|Regional Commercial Industrial Concession",
    "categoryOrder": 0,
    "parentCategoryCode": null,
    "subCategories": [],
    "assessingMethodType": "MANUAL",
    "active": true,
    "assessingType": "MANUAL"
  },
  {
    "categoryCode": "407",
    "categoryName": "Sale of Business and/or Goods|Sale of Business and/or Goods",
    "categoryOrder": 0,
    "parentCategoryCode": null,
    "subCategories": [],
    "assessingMethodType": "MANUAL",
    "active": true,
    "assessingType": "MANUAL"
  },
  {
    "categoryCode": "430",
    "categoryName": "Spouse or Domestic Partner Transfer|Breakdown of Relationship transfer between spouses/domestic partners",
    "categoryOrder": 0,
    "parentCategoryCode": null,
    "subCategories": [],
    "assessingMethodType": "SYSTEM",
    "active": true,
    "assessingType": "SYSTEM"
  },
  {
    "categoryCode": "432",
    "categoryName": "Spouse or Domestic Partner Transfer|Transfer between Spouses/Domestic Partners",
    "categoryOrder": 0,
    "parentCategoryCode": null,
    "subCategories": [],
    "assessingMethodType": "SYSTEM",
    "active": true,
    "assessingType": "SYSTEM"
  },
  {
    "categoryCode": "431",
    "categoryName": "Spouse or Domestic Partner Transfer|Spouse transfer involving parties other than Spouse/Domestic Partner",
    "categoryOrder": 0,
    "parentCategoryCode": null,
    "subCategories": [],
    "assessingMethodType": "MANUAL",
    "active": true,
    "assessingType": "MANUAL"
  },
  {
    "categoryCode": "429",
    "categoryName": "Spouse or Domestic Partner Transfer|Breakdown of Relationship  - transfer to a party that is not the spouse or domestic partner of the transferor",
    "categoryOrder": 0,
    "parentCategoryCode": null,
    "subCategories": [],
    "assessingMethodType": "MANUAL",
    "active": true,
    "assessingType": "MANUAL"
  },
  {
    "categoryCode": "415",
    "categoryName": "Sub-Sale and/or Nomination Transfers|Sub-sale/Nomination - Transferor and Transferees are not related",
    "categoryOrder": 0,
    "parentCategoryCode": null,
    "subCategories": [],
    "assessingMethodType": "SYSTEM",
    "active": true,
    "assessingType": "SYSTEM"
  },
  {
    "categoryCode": "412",
    "categoryName": "Sub-Sale and/or Nomination Transfers|Sub-Sale/Nomination - Transferor and Transferees are related Parties",
    "categoryOrder": 0,
    "parentCategoryCode": null,
    "subCategories": [],
    "assessingMethodType": "MANUAL",
    "active": true,
    "assessingType": "MANUAL"
  },
  {
    "categoryCode": "414",
    "categoryName": "Sub-Sale and/or Nomination Transfers|Options, additional consideration, parallel arrangement and/or land development not included in the contract price",
    "categoryOrder": 0,
    "parentCategoryCode": null,
    "subCategories": [],
    "assessingMethodType": "MANUAL",
    "active": true,
    "assessingType": "MANUAL"
  },
  {
    "categoryCode": "437",
    "categoryName": "Transfer to Superfunds|Transfer to Superfunds",
    "categoryOrder": 0,
    "parentCategoryCode": null,
    "subCategories": [],
    "assessingMethodType": "SYSTEM",
    "active": true,
    "assessingType": "SYSTEM"
  },
  {
    "categoryCode": "409",
    "categoryName": "Transfer to a Related or Associated Party|Transfer to a Related or Associated Party no Concessions",
    "categoryOrder": 0,
    "parentCategoryCode": null,
    "subCategories": [],
    "assessingMethodType": "SYSTEM",
    "active": true,
    "assessingType": "SYSTEM"
  },
  {
    "categoryCode": "408",
    "categoryName": "Transfer to a Related or Associated Party|Transfer to a Related or Associated Party with Concessions",
    "categoryOrder": 0,
    "parentCategoryCode": null,
    "subCategories": [],
    "assessingMethodType": "MANUAL",
    "active": true,
    "assessingType": "MANUAL"
  },
  {
    "categoryCode": "424",
    "categoryName": "Transfer to an approved Charity, Government Body or Authority|Transfer to a Government Body or Authority",
    "categoryOrder": 0,
    "parentCategoryCode": null,
    "subCategories": [],
    "assessingMethodType": "MANUAL",
    "active": true,
    "assessingType": "MANUAL"
  },
  {
    "categoryCode": "423",
    "categoryName": "Transfer to an approved Charity, Government Body or Authority|Transfer to an approved Charity",
    "categoryOrder": 0,
    "parentCategoryCode": null,
    "subCategories": [],
    "assessingMethodType": "MANUAL",
    "active": true,
    "assessingType": "MANUAL"
  },
  {
    "categoryCode": "410",
    "categoryName": "Transfer to parties that are not related or associated|Transfer to parties that are not related or associated",
    "categoryOrder": 0,
    "parentCategoryCode": null,
    "subCategories": [],
    "assessingMethodType": "SYSTEM",
    "active": true,
    "assessingType": "SYSTEM"
  },
  {
    "categoryCode": "400",
    "categoryName": "Trust Exemptions and Concessions|Trust Exemptions and Concessions",
    "categoryOrder": 0,
    "parentCategoryCode": null,
    "subCategories": [],
    "assessingMethodType": "MANUAL",
    "active": true,
    "assessingType": "MANUAL"
  }
]
