[
  {
    "request": {
      "url": "^/dol/claim/lodgement/1([0-9]*)?[^=]*(.*)$",
      "method": "GET"
    },
    "response": {
      "status": 200,
      "headers": {
        "Content-Type": "application/json; charset=ISO-8859-1"
      },
      "file": "lodgements/lodgementResponse-Success1.json"
    }
  },
  {
    "request": {
      "url": "^/dol/claim/lodgement/0([1-9]*)?[^=]*(.*)$",
      "method": "GET"
    },
    "response": {
      "status": 200,
      "headers": {
        "Content-Type": "application/json; charset=ISO-8859-1"
      },
      "file": "lodgements/lodgementResponse-Error1.json"
    }
  },
  {
    "request": {
      "url": "^/dol/claim/lodgement/9[1-9]*?.*$",
      "method": "GET"
    },
    "response": {
      "status": 500,
      "headers": {
        "Content-Type": "application/json; charset=ISO-8859-1"
      }
    }
  },
  {
    "request": {
      "url": "^/dol/claim/categories$",
      "method": "GET"
    },
    "response": {
      "status": 200,
      "headers": {
        "Content-Type": "application/json; charset=ISO-8859-1"
      },
      "file": "categories/categoriesResponse-Success1.json"
    }
  }

]