<?xml version="1.0" encoding="UTF-8"?>
<beans xmlns="http://www.springframework.org/schema/beans" xmlns:xsi="http://www.w3.org/2001/XMLSchema-instance" xmlns:tx="http://www.springframework.org/schema/tx" xsi:schemaLocation="http://www.springframework.org/schema/beans http://www.springframework.org/schema/beans/spring-beans.xsd
        http://www.springframework.org/schema/tx http://www.springframework.org/schema/tx/spring-tx.xsd">

	<!-- Transaction Manager. -->

	<tx:annotation-driven />

	<bean id="transactionManager" class="org.springframework.transaction.jta.WebSphereUowTransactionManager" />

	<!-- DAOs. -->

	<bean id="eSysJdbcTemplate" class="org.springframework.jdbc.core.JdbcTemplate">
		<property name="dataSource" ref="eSysDataSource" />
		<!--property name="exceptionTranslator" ref="sqlExceptionTranslator"/ -->
		<property name="nativeJdbcExtractor">
			<bean class="au.gov.vic.sro.payment.arrangements.dao.support.WebSphereNativeJdbcExtractor" />
		</property>
	</bean>

	<bean id="paymentArrangementsDao" class="au.gov.vic.sro.payment.arrangements.dao.PaymentArrangementsDaoImpl">
		<property name="jdbcTemplate" ref="eSysJdbcTemplate" />
	</bean>

</beans>
