<persistence version="2.1" xmlns="http://java.sun.com/xml/ns/persistence" xmlns:xsi="http://www.w3.org/2001/XMLSchema-instance"
             xsi:schemaLocation="http://java.sun.com/xml/ns/persistence http://java.sun.com/xml/ns/persistence/persistence_2_1.xsd">

    <persistence-unit name="referenceDataPU" transaction-type="RESOURCE_LOCAL">
        <provider>org.hibernate.jpa.HibernatePersistenceProvider</provider>

        <class>au.gov.vic.sro.cu.duties.transfer.model.ClaimCategory</class>

        <!-- Prevent annotation scanning. In this app we are purely driven by orm.xml. -->
        <exclude-unlisted-classes>true</exclude-unlisted-classes>

        <properties>
            <property name="hibernate.temp.use_jdbc_metadata_defaults" value="false" />

            <property name="hibernate.dialect" value="org.hibernate.dialect.Oracle10gDialect" />
            <property name="hibernate.connection.username" value="duties" />
            <property name="hibernate.connection.password" value="R1d3rl3ss" />
            <property name="hibernate.connection.url" value="jdbc:oracle:thin:@mexadb01.sro.vic.gov.au:1521:integrat" />
            <property name="hibernate.show_sql" value="true" />
        </properties>
    </persistence-unit>

    <!--
    <persistence-unit name="elnoPU" transaction-type="JTA">
        <provider>org.hibernate.jpa.HibernatePersistenceProvider</provider>
        <class>au.gov.vic.sro.duties.transfer.model.ElnoLodgementCase</class>
        <properties>
            <property name="hibernate.dialect" value="org.hibernate.dialect.HSQLDialect" />
            <property name="hibernate.connection.driver_class" value="org.hsqldb.jdbcDriver" />
            <property name="hibernate.connection.username" value="sa" />
            <property name="hibernate.connection.password" value="" />
            <property name="hibernate.connection.url" value="jdbc:hsqldb:mem:elno-db;sql.syntax_ora=true" />
            <property name="hibernate.hbm2ddl.auto" value="create-drop" />
            <property name="hibernate.show_sql" value="true" />
        </properties>
    </persistence-unit>
    -->


</persistence>