{
  "lodgement": {
    "id": "01",
    "elnoId": "ELN01",
    "elnoLodgementCaseId": "CASE01",
    "caseReferenceId": "REF01",
    "documents": [
      {
        "id": "T01",
        "elnoDocId": "022323233",
        "elnoId": "elnoT01",
        "formId": null,
        "formVersion": "formVersionT01",
        "properties": [
          {
            "address": "123, Exibition Street, Melbourne, VIC 3000",
            "volfol": "VOLP01/FOLP01"
          }
        ],
        "transferees": [
          {
            "name": "aa bb cc"
          },
          {
            "name": "Organisation 01"
          }
        ]
      },
      {
        "id": "T02",
        "elnoDocId": "433490990",
        "elnoId": "elnoT02",
        "formId": "formT02",
        "formVersion": "formVersionT02",
        "properties": [
          {
            "address": "P01, Exibition Street, Melbourne",
            "volfol": "VOLP01/FOLP01"
          }
        ],
        "transferees": [
          {
            "name": "John Bolton"
          },
          {
            "name": null
          }
        ]
      },
      {
        "id": "T03",
        "elnoDocId": "833454234",
        "elnoId": "elnoT03",
        "formId": "formT03",
        "formVersion": "DFV1",
        "properties": [
          {
            "address": "P01, Exibition Street, Melbourne",
            "volfol": "VOLP01/FOLP01"
          }
        ],
        "transferees": [
          {
            "name": null
          },
          {
            "name": null
          }
        ]
      },
      {
        "id": "T04",
        "elnoDocId": "786432176",
        "elnoId": "elnoT04",
        "formId": "formT04",
        "formVersion": "DFV1",
        "properties": [
          {
            "address": "222, Exibition Street, Melbourne",
            "volfol": "VOLP045/FOLP01"
          }
        ],
        "transferees": [
          {
            "name": null
          },
          {
            "name": null
          }
        ]
      }

    ]
  },
  "errors": []
}
