{
  "lodgement": {
    "id": "01",
    "elnoId": "ELN01",
    "elnoLodgementCaseId": "CASE01",
    "caseReferenceId": "REF01",
    "documents": [
      {
        "id": "T01",
        "elnoDocId": "022323233",
        "elnoId": "elnoT01",
        "formId": "formT01",
        "formVersion": "formVersionT01",
        "properties": [
          {
            "address": "123, Exibition Street, Melbourne, VIC 3000",
            "volfol": "VOLP01/FOLP01"
          },
          {
            "address": "12, Jackson Ct, Ringwood, VIC 3134",
            "volfol": "VOLP02/FOLP02"
          }
        ],
        "transferees": [
          {
            "name": "aa bb cc"
          },
          {
            "name": "Organisation 01"
          }
        ]
      },
      {
        "id": "T02",
        "elnoDocId": "433490990",
        "elnoId": "elnoT02",
        "formId": "formT02",
        "formVersion": "formVersionT02",
        "properties": [
          {
            "address": "12, Arlington Street,Ringwood",
            "volfol": "VOLP02/FOLP02"
          }
        ],
        "transferees": [
          {
            "name": null
          },
          {
            "name": null
          }
        ]
      }
    ]
  },
  "errors": []
}
