{
  "errors": [],
  "id": "01",
  "elnoId": "ELN01",
  "elnoLodgementCaseId": "CASE01",
  "lodgementReference": "REF01",
  "documents": [
    {
      "id": "T01",
      "elnoDocId": "implement me",
      "elnoId": "elnoT01",
      "formId": "formT01",
      "formVersion": "formVersionT01",
      "properties": [
        {
          "address": "P01, Exibition Street, Melbourne",
          "volfol": "VOLP01/FOLP01"
        },
        {
          "address": "P02, Exibition Street, Melbourne",
          "volfol": "VOLP02/FOLP02"
        }
      ],
      "transferees": [
        {
          "name": "aa bb cc"
        },
        {
          "name": "Organisation 01"
        }
      ]
    },
    {
      "id": "T02",
      "elnoDocId": "implement me",
      "elnoId": "elnoT02",
      "formId": "formT02",
      "formVersion": "formVersionT02",
      "properties": [
        {
          "address": "P01, Exibition Street, Melbourne",
          "volfol": "VOLP01/FOLP01"
        },
        {
          "address": "P02, Exibition Street, Melbourne",
          "volfol": "VOLP02/FOLP02"
        }
      ],
      "transferees": [
        {
          "name": null
        },
        {
          "name": null
        }
      ]
    }
  ]
}