{
    "clean_all_lodgements" : [
        {"sql": "DELETE FROM DOCUMENT_UPLOAD WHERE LODGEMENT_ID IN (SELECT ID FROM LODGEMENT WHERE CUSTOMER_ID = :customer_id)", "params": ["customer_id"]},
        {"sql": "DELETE FROM DOCUMENT_UPLOAD WHERE OBJECTION_ID IN (SELECT ID FROM OBJECTION WHERE CUSTOMER_ID = :customer_id)", "params": ["customer_id"]},
        {"sql": "DELETE FROM PAYMENT WHERE LODGEMENT_ID IN (SELECT ID FROM LODGEMENT WHERE CUSTOMER_ID = :customer_id)", "params": ["customer_id"]},
        {"sql": "DELETE FROM REFUND_CLAIM WHERE LODGEMENT_ID IN (SELECT ID FROM LODGEMENT WHERE CUSTOMER_ID = :customer_id)", "params": ["customer_id"]},
        {"sql": "DELETE FROM LODGEMENT WHERE CUSTOMER_ID =  :customer_id", "params": ["customer_id"]},
        {"sql": "DELETE FROM OBJECTION WHERE CUSTOMER_ID = :customer_id", "params": ["customer_id"]},
        {"sql": "DELETE FROM objection_assessment where objection_id in (select id from OBJECTION WHERE CUSTOMER_ID = :customer_id)", "params": ["customer_id"]}
    ],
    "clean_lodgement" : [
        {"sql": "DELETE FROM DOCUMENT_UPLOAD WHERE LODGEMENT_ID = :lodgement_id", "params": ["lodgement_id"]},
        {"sql": "DELETE FROM PAYMENT WHERE LODGEMENT_ID = :lodgement_id", "params": ["lodgement_id"]},
        {"sql": "DELETE FROM REFUND_CLAIM WHERE LODGEMENT_ID = :lodgement_id", "params": ["lodgement_id"]},
        {"sql": "DELETE FROM LODGEMENT WHERE CUSTOMER_ID =  :customer_id", "params": ["customer_id"]}
    ],
    "reset_lodgement" : [
        {"sql": "DELETE FROM DOCUMENT_UPLOAD WHERE LODGEMENT_ID = :lodgement_id", "params": ["lodgement_id"]},
        {"sql": "DELETE FROM PAYMENT WHERE LODGEMENT_ID = :lodgement_id", "params": ["lodgement_id"]},
        {"sql": "DELETE FROM REFUND_CLAIM WHERE LODGEMENT_ID = :lodgement_id", "params": ["lodgement_id"]}
    ],
    "select_lodgement" : [
        {"sql": "SELECT * FROM LODGEMENT WHERE CUSTOMER_ID = :customer_id", "params": ["customer_id"], "resultKey": "customer", "maxRows": 4}
    ],

    "prepare_user_for_rego" : [
        {"sql": "UPDATE USER_REGISTRATION SET UNIQUE_KEY = DBMS_RANDOM.STRING ('X',32), CUSTOMER_ID = '1447', URL_ACTIVATION_COMPLETE = 0, EXPIRY_DATE = DATE_USER_CREATED + 30 WHERE USER_REGISTRATION_ID =80", "maxRows": 1, "params": []}
    ],
    
    "select_updated_user" : [
        {"sql": "select UNIQUE_KEY from USER_REGISTRATION where USER_REGISTRATION_ID = 80", "resultKey": "UNIQUEKEY", "maxRows": 1, "params": []},
        {"sql": "select DBMS_RANDOM.STRING ('X',10) as username from dual", "resultKey": "name", "maxRows": 1, "params": []}
    ],

    "clear_WBT_user" : [
        {"sql": "update USER_REGISTRATION set USER_NAME = null where USER_REGISTRATION_ID = 80", "maxRows": 1, "params": []}
    ]
}
