<?xml version="1.0" encoding="UTF-8"?>
<faces-config xmlns="http://java.sun.com/xml/ns/javaee"
	xmlns:xsi="http://www.w3.org/2001/XMLSchema-instance"
	xsi:schemaLocation="http://java.sun.com/xml/ns/javaee http://java.sun.com/xml/ns/javaee/web-facesconfig_2_1.xsd"
	version="2.1">
	<name>PaymentArrangementsWeb</name>

	<navigation-rule>
		<navigation-case>
			<from-outcome>login</from-outcome>
			<to-view-id>/public/login.xhtml</to-view-id>
			<redirect />
		</navigation-case>
	</navigation-rule>

	<factory>
		<exception-handler-factory>au.gov.vic.sro.payment.arrangements.faces.application.PaymentArrangementsExceptionHandlerFactory</exception-handler-factory>
	</factory>
	<validator>
		<validator-id>requiredCheckboxValidator</validator-id>
		<validator-class>au.gov.vic.sro.payment.arrangements.faces.validator.RequiredCheckboxValidator</validator-class>
	</validator>
	<application>
		<locale-config>
			<default-locale>en</default-locale>
		</locale-config>
		<message-bundle>ValidationMessages</message-bundle>
		<resource-bundle>
			<base-name>PaymentArrangementsResources</base-name>
			<var>text</var>
		</resource-bundle>
		<el-resolver>org.primefaces.application.exceptionhandler.PrimeExceptionHandlerELResolver</el-resolver>
	</application>

</faces-config>