[
	{
		"type": "COMMUNICATION_PERSON",
		"code": "C",
		"label": "Customer"
	},
	{
		"type": "COMMUNICATION_PERSON",
		"code": "CR",
		"label": "Customer Representative"
	},
	{
		"type": "ADDRESS_TYPES",
		"code": "B",
		"label": "Street"
	},
	{
		"type": "ADDRESS_TYPES",
		"code": "L",
		"label": "Lot"
	},
	{
		"type": "ADDRESS_TYPES",
		"code": "P",
		"label": "Postal"
	},
	{
		"type": "ADDRESS_TYPES",
		"code": "O",
		"label": "Overseas"
	},
	{
		"type": "COMMUNICATION_CHANNELS",
		"code": "E",
		"label": "Yes, send via email"
	},
	{
		"type": "COMMUNICATION_CHANNELS",
		"code": "P",
		"label": "No, I'd like to receive communications via post"
	},
	{
		"type": "COMMUNICATION_RECIPIENTS",
		"code": "L",
		"label": "Land owner"
	},
	{
		"type": "COMMUNICATION_RECIPIENTS",
		"code": "R",
		"label": "Authorised representative"
	},
	{
		"type": "COMPLETION_TYPES",
		"code": "L",
		"label": "Land owner"
	},
	{
		"type": "COMPLETION_TYPES",
		"code": "R",
		"label": "On behalf of the land owner"
	},
	{
		"type": "CUSTOMER_IDENTIFIERS",
		"code": "AL",
		"label": "Assessment number (land tax)"
	},
	{
		"type": "CUSTOMER_IDENTIFIERS",
		"code": "AV",
		"label": "Assessment number (vacant residential land tax)"
	},
	{
		"type": "CUSTOMER_IDENTIFIERS",
		"code": "NO",
		"label": "No, I don't have any of these"
	},
	{
		"type": "Countries",
		"code": "AFG",
		"label": "AFGHANISTAN"
	},
	{
		"type": "Countries",
		"code": "ALA",
		"label": "ALAND ISLANDS"
	},
	{
		"type": "Countries",
		"code": "ALB",
		"label": "ALBANIA"
	},
	{
		"type": "Countries",
		"code": "DZA",
		"label": "ALGERIA"
	},
	{
		"type": "Countries",
		"code": "ASM",
		"label": "AMERICAN SAMOA"
	},
	{
		"type": "Countries",
		"code": "AND",
		"label": "ANDORRA"
	},
	{
		"type": "Countries",
		"code": "AGO",
		"label": "ANGOLA"
	},
	{
		"type": "Countries",
		"code": "AIA",
		"label": "ANGUILLA"
	},
	{
		"type": "Countries",
		"code": "ATA",
		"label": "ANTARCTICA"
	},
	{
		"type": "Countries",
		"code": "ATG",
		"label": "ANTIGUA AND BARBUDA"
	},
	{
		"type": "Countries",
		"code": "ARG",
		"label": "ARGENTINA"
	},
	{
		"type": "Countries",
		"code": "ARM",
		"label": "ARMENIA"
	},
	{
		"type": "Countries",
		"code": "ABW",
		"label": "ARUBA"
	},
	{
		"type": "Countries",
		"code": "AUS",
		"label": "AUSTRALIA"
	},
	{
		"type": "Countries",
		"code": "AUT",
		"label": "AUSTRIA"
	},
	{
		"type": "Countries",
		"code": "AZE",
		"label": "AZERBAIJAN"
	},
	{
		"type": "Countries",
		"code": "BHS",
		"label": "BAHAMAS"
	},
	{
		"type": "Countries",
		"code": "BHR",
		"label": "BAHRAIN"
	},
	{
		"type": "Countries",
		"code": "BGD",
		"label": "BANGLADESH"
	},
	{
		"type": "Countries",
		"code": "BRB",
		"label": "BARBADOS"
	},
	{
		"type": "Countries",
		"code": "BLR",
		"label": "BELARUS"
	},
	{
		"type": "Countries",
		"code": "BEL",
		"label": "BELGIUM"
	},
	{
		"type": "Countries",
		"code": "BLZ",
		"label": "BELIZE"
	},
	{
		"type": "Countries",
		"code": "BEN",
		"label": "BENIN"
	},
	{
		"type": "Countries",
		"code": "BMU",
		"label": "BERMUDA"
	},
	{
		"type": "Countries",
		"code": "BTN",
		"label": "BHUTAN"
	},
	{
		"type": "Countries",
		"code": "BOL",
		"label": "BOLIVIA"
	},
	{
		"type": "Countries",
		"code": "BES",
		"label": "BONAIRE, SINT EUSTATIUS AND SABA"
	},
	{
		"type": "Countries",
		"code": "BIH",
		"label": "BOSNIA AND HERZEGOVINA"
	},
	{
		"type": "Countries",
		"code": "BWA",
		"label": "BOTSWANA"
	},
	{
		"type": "Countries",
		"code": "BVT",
		"label": "BOUVET ISLAND"
	},
	{
		"type": "Countries",
		"code": "BRA",
		"label": "BRAZIL"
	},
	{
		"type": "Countries",
		"code": "IOT",
		"label": "BRITISH INDIAN OCEAN TERRITORY"
	},
	{
		"type": "Countries",
		"code": "BRN",
		"label": "BRUNEI DARUSSALAM"
	},
	{
		"type": "Countries",
		"code": "BGR",
		"label": "BULGARIA"
	},
	{
		"type": "Countries",
		"code": "BFA",
		"label": "BURKINA FASO"
	},
	{
		"type": "Countries",
		"code": "BDI",
		"label": "BURUNDI"
	},
	{
		"type": "Countries",
		"code": "KHM",
		"label": "CAMBODIA"
	},
	{
		"type": "Countries",
		"code": "CMR",
		"label": "CAMEROON"
	},
	{
		"type": "Countries",
		"code": "CAN",
		"label": "CANADA"
	},
	{
		"type": "Countries",
		"code": "CPV",
		"label": "CAPE VERDE"
	},
	{
		"type": "Countries",
		"code": "CYM",
		"label": "CAYMAN ISLANDS"
	},
	{
		"type": "Countries",
		"code": "CAF",
		"label": "CENTRAL AFRICAN REPUBLIC"
	},
	{
		"type": "Countries",
		"code": "TCD",
		"label": "CHAD"
	},
	{
		"type": "Countries",
		"code": "CHL",
		"label": "CHILE"
	},
	{
		"type": "Countries",
		"code": "CHN",
		"label": "CHINA"
	},
	{
		"type": "Countries",
		"code": "CXR",
		"label": "CHRISTMAS ISLAND"
	},
	{
		"type": "Countries",
		"code": "CCK",
		"label": "COCOS (KEELING) ISLANDS"
	},
	{
		"type": "Countries",
		"code": "COL",
		"label": "COLOMBIA"
	},
	{
		"type": "Countries",
		"code": "COM",
		"label": "COMOROS"
	},
	{
		"type": "Countries",
		"code": "COG",
		"label": "CONGO"
	},
	{
		"type": "Countries",
		"code": "COD",
		"label": "CONGO, THE DEMOCRATIC REPUBLIC OF THE"
	},
	{
		"type": "Countries",
		"code": "COK",
		"label": "COOK ISLANDS"
	},
	{
		"type": "Countries",
		"code": "CRI",
		"label": "COSTA RICA"
	},
	{
		"type": "Countries",
		"code": "CIV",
		"label": "COTE DIVOIRE"
	},
	{
		"type": "Countries",
		"code": "CRO",
		"label": "CROATIA"
	},
	{
		"type": "Countries",
		"code": "CUB",
		"label": "CUBA"
	},
	{
		"type": "Countries",
		"code": "CUW",
		"label": "CURACAO"
	},
	{
		"type": "Countries",
		"code": "CYP",
		"label": "CYPRUS"
	},
	{
		"type": "Countries",
		"code": "CZE",
		"label": "CZECH REPUBLIC"
	},
	{
		"type": "Countries",
		"code": "DNK",
		"label": "DENMARK"
	},
	{
		"type": "Countries",
		"code": "DJI",
		"label": "DJIBOUTI"
	},
	{
		"type": "Countries",
		"code": "DMA",
		"label": "DOMINICA"
	},
	{
		"type": "Countries",
		"code": "DOM",
		"label": "DOMINICAN REPUBLIC"
	},
	{
		"type": "Countries",
		"code": "ECU",
		"label": "ECUADOR"
	},
	{
		"type": "Countries",
		"code": "EGY",
		"label": "EGYPT"
	},
	{
		"type": "Countries",
		"code": "SLV",
		"label": "EL SALVADOR"
	},
	{
		"type": "Countries",
		"code": "GNQ",
		"label": "EQUATORIAL GUINEA"
	},
	{
		"type": "Countries",
		"code": "ERI",
		"label": "ERITREA"
	},
	{
		"type": "Countries",
		"code": "EST",
		"label": "ESTONIA"
	},
	{
		"type": "Countries",
		"code": "ETH",
		"label": "ETHIOPIA"
	},
	{
		"type": "Countries",
		"code": "FLK",
		"label": "FALKLAND ISLANDS (MALVINAS)"
	},
	{
		"type": "Countries",
		"code": "FRO",
		"label": "FAROE ISLANDS"
	},
	{
		"type": "Countries",
		"code": "FJI",
		"label": "FIJI"
	},
	{
		"type": "Countries",
		"code": "FIN",
		"label": "FINLAND"
	},
	{
		"type": "Countries",
		"code": "FR",
		"label": "FRANCE"
	},
	{
		"type": "Countries",
		"code": "GUF",
		"label": "FRENCH GUIANA"
	},
	{
		"type": "Countries",
		"code": "PYF",
		"label": "FRENCH POLYNESIA"
	},
	{
		"type": "Countries",
		"code": "ATF",
		"label": "FRENCH SOUTHERN TERRITORIES"
	},
	{
		"type": "Countries",
		"code": "GAB",
		"label": "GABON"
	},
	{
		"type": "Countries",
		"code": "GMB",
		"label": "GAMBIA"
	},
	{
		"type": "Countries",
		"code": "GEO",
		"label": "GEORGIA"
	},
	{
		"type": "Countries",
		"code": "GER",
		"label": "GERMANY"
	},
	{
		"type": "Countries",
		"code": "GHA",
		"label": "GHANA"
	},
	{
		"type": "Countries",
		"code": "GIB",
		"label": "GIBRALTAR"
	},
	{
		"type": "Countries",
		"code": "GRC",
		"label": "GREECE"
	},
	{
		"type": "Countries",
		"code": "GRL",
		"label": "GREENLAND"
	},
	{
		"type": "Countries",
		"code": "GRD",
		"label": "GRENADA"
	},
	{
		"type": "Countries",
		"code": "GLP",
		"label": "GUADELOUPE"
	},
	{
		"type": "Countries",
		"code": "GUM",
		"label": "GUAM"
	},
	{
		"type": "Countries",
		"code": "GTM",
		"label": "GUATEMALA"
	},
	{
		"type": "Countries",
		"code": "GGY",
		"label": "GUERNSEY"
	},
	{
		"type": "Countries",
		"code": "GIN",
		"label": "GUINEA"
	},
	{
		"type": "Countries",
		"code": "GNB",
		"label": "GUINEA-BISSAU"
	},
	{
		"type": "Countries",
		"code": "GUY",
		"label": "GUYANA"
	},
	{
		"type": "Countries",
		"code": "HTI",
		"label": "HAITI"
	},
	{
		"type": "Countries",
		"code": "HMD",
		"label": "HEARD ISLAND AND MCDONALD ISLANDS"
	},
	{
		"type": "Countries",
		"code": "VAT",
		"label": "HOLY SEE (VATICAN CITY STATE)"
	},
	{
		"type": "Countries",
		"code": "HND",
		"label": "HONDURAS"
	},
	{
		"type": "Countries",
		"code": "HKG",
		"label": "HONG KONG"
	},
	{
		"type": "Countries",
		"code": "HUN",
		"label": "HUNGARY"
	},
	{
		"type": "Countries",
		"code": "ISL",
		"label": "ICELAND"
	},
	{
		"type": "Countries",
		"code": "IND",
		"label": "INDIA"
	},
	{
		"type": "Countries",
		"code": "IDN",
		"label": "INDONESIA"
	},
	{
		"type": "Countries",
		"code": "IRN",
		"label": "IRAN, ISLAMIC REPUBLIC OF"
	},
	{
		"type": "Countries",
		"code": "IRQ",
		"label": "IRAQ"
	},
	{
		"type": "Countries",
		"code": "IRL",
		"label": "IRELAND"
	},
	{
		"type": "Countries",
		"code": "IMN",
		"label": "ISLE OF MAN"
	},
	{
		"type": "Countries",
		"code": "ISR",
		"label": "ISRAEL"
	},
	{
		"type": "Countries",
		"code": "ITY",
		"label": "ITALY"
	},
	{
		"type": "Countries",
		"code": "JAM",
		"label": "JAMAICA"
	},
	{
		"type": "Countries",
		"code": "JPN",
		"label": "JAPAN"
	},
	{
		"type": "Countries",
		"code": "JEY",
		"label": "JERSEY"
	},
	{
		"type": "Countries",
		"code": "JOR",
		"label": "JORDAN"
	},
	{
		"type": "Countries",
		"code": "KAZ",
		"label": "KAZAKHSTAN"
	},
	{
		"type": "Countries",
		"code": "KEN",
		"label": "KENYA"
	},
	{
		"type": "Countries",
		"code": "KIR",
		"label": "KIRIBATI"
	},
	{
		"type": "Countries",
		"code": "PRK",
		"label": "KOREA, DEMOCRATIC PEOPLE\"S REPUBLIC OF"
	},
	{
		"type": "Countries",
		"code": "KOR",
		"label": "KOREA, REPUBLIC OF"
	},
	{
		"type": "Countries",
		"code": "KWT",
		"label": "KUWAIT"
	},
	{
		"type": "Countries",
		"code": "KGZ",
		"label": "KYRGYZSTAN"
	},
	{
		"type": "Countries",
		"code": "LAO",
		"label": "LAO PEOPLE\"S DEMOCRATIC REPUBLIC"
	},
	{
		"type": "Countries",
		"code": "LVA",
		"label": "LATVIA"
	},
	{
		"type": "Countries",
		"code": "LBN",
		"label": "LEBANON"
	},
	{
		"type": "Countries",
		"code": "LSO",
		"label": "LESOTHO"
	},
	{
		"type": "Countries",
		"code": "LBR",
		"label": "LIBERIA"
	},
	{
		"type": "Countries",
		"code": "LBY",
		"label": "LIBYA"
	},
	{
		"type": "Countries",
		"code": "LIE",
		"label": "LIECHTENSTEIN"
	},
	{
		"type": "Countries",
		"code": "LTU",
		"label": "LITHUANIA"
	},
	{
		"type": "Countries",
		"code": "LUX",
		"label": "LUXEMBOURG"
	},
	{
		"type": "Countries",
		"code": "MAC",
		"label": "MACAO"
	},
	{
		"type": "Countries",
		"code": "MKD",
		"label": "MACEDONIA, THE FORMER YUGOSLAV REPUBLIC OF"
	},
	{
		"type": "Countries",
		"code": "MDG",
		"label": "MADAGASCAR"
	},
	{
		"type": "Countries",
		"code": "MWI",
		"label": "MALAWI"
	},
	{
		"type": "Countries",
		"code": "MYS",
		"label": "MALAYSIA"
	},
	{
		"type": "Countries",
		"code": "MDV",
		"label": "MALDIVES"
	},
	{
		"type": "Countries",
		"code": "MLI",
		"label": "MALI"
	},
	{
		"type": "Countries",
		"code": "MLT",
		"label": "MALTA"
	},
	{
		"type": "Countries",
		"code": "MHL",
		"label": "MARSHALL ISLANDS"
	},
	{
		"type": "Countries",
		"code": "MTQ",
		"label": "MARTINIQUE"
	},
	{
		"type": "Countries",
		"code": "MRT",
		"label": "MAURITANIA"
	},
	{
		"type": "Countries",
		"code": "MU",
		"label": "MAURITIUS"
	},
	{
		"type": "Countries",
		"code": "MYT",
		"label": "MAYOTTE"
	},
	{
		"type": "Countries",
		"code": "MEX",
		"label": "MEXICO"
	},
	{
		"type": "Countries",
		"code": "FSM",
		"label": "MICRONESIA, FEDERATED States OF"
	},
	{
		"type": "Countries",
		"code": "MDA",
		"label": "MOLDOVA, REPUBLIC OF"
	},
	{
		"type": "Countries",
		"code": "MCO",
		"label": "MONACO"
	},
	{
		"type": "Countries",
		"code": "MNG",
		"label": "MONGOLIA"
	},
	{
		"type": "Countries",
		"code": "MNE",
		"label": "MONTENEGRO"
	},
	{
		"type": "Countries",
		"code": "MSR",
		"label": "MONTSERRAT"
	},
	{
		"type": "Countries",
		"code": "MAR",
		"label": "MOROCCO"
	},
	{
		"type": "Countries",
		"code": "MZ",
		"label": "MOZAMBIQUE"
	},
	{
		"type": "Countries",
		"code": "MMR",
		"label": "MYANMAR"
	},
	{
		"type": "Countries",
		"code": "NAM",
		"label": "NAMIBIA"
	},
	{
		"type": "Countries",
		"code": "NRU",
		"label": "NAURU"
	},
	{
		"type": "Countries",
		"code": "NPL",
		"label": "NEPAL"
	},
	{
		"type": "Countries",
		"code": "NLD",
		"label": "NETHERLANDS"
	},
	{
		"type": "Countries",
		"code": "ANT",
		"label": "NETHERLANDS ANTILLES"
	},
	{
		"type": "Countries",
		"code": "NCL",
		"label": "NEW CALEDONIA"
	},
	{
		"type": "Countries",
		"code": "NZ",
		"label": "NEW ZEALAND"
	},
	{
		"type": "Countries",
		"code": "NIC",
		"label": "NICARAGUA"
	},
	{
		"type": "Countries",
		"code": "NER",
		"label": "NIGER"
	},
	{
		"type": "Countries",
		"code": "NGA",
		"label": "NIGERIA"
	},
	{
		"type": "Countries",
		"code": "NIU",
		"label": "NIUE"
	},
	{
		"type": "Countries",
		"code": "NFK",
		"label": "NORFOLK ISLAND"
	},
	{
		"type": "Countries",
		"code": "MNP",
		"label": "NORTHERN MARIANA ISLANDS"
	},
	{
		"type": "Countries",
		"code": "NOR",
		"label": "NORWAY"
	},
	{
		"type": "Countries",
		"code": "OMN",
		"label": "OMAN"
	},
	{
		"type": "Countries",
		"code": "PAK",
		"label": "PAKISTAN"
	},
	{
		"type": "Countries",
		"code": "PLW",
		"label": "PALAU"
	},
	{
		"type": "Countries",
		"code": "PSE",
		"label": "PALESTINIAN TERRITORY, OCCUPIED"
	},
	{
		"type": "Countries",
		"code": "PAN",
		"label": "PANAMA"
	},
	{
		"type": "Countries",
		"code": "PNG",
		"label": "PAPUA NEW GUINEA"
	},
	{
		"type": "Countries",
		"code": "PRY",
		"label": "PARAGUAY"
	},
	{
		"type": "Countries",
		"code": "PER",
		"label": "PERU"
	},
	{
		"type": "Countries",
		"code": "PHL",
		"label": "PHILIPPINES"
	},
	{
		"type": "Countries",
		"code": "PCN",
		"label": "PITCAIRN"
	},
	{
		"type": "Countries",
		"code": "POL",
		"label": "POLAND"
	},
	{
		"type": "Countries",
		"code": "PRT",
		"label": "PORTUGAL"
	},
	{
		"type": "Countries",
		"code": "PRI",
		"label": "PUERTO RICO"
	},
	{
		"type": "Countries",
		"code": "QAT",
		"label": "QATAR"
	},
	{
		"type": "Countries",
		"code": "REU",
		"label": "REUNION"
	},
	{
		"type": "Countries",
		"code": "ROM",
		"label": "ROMANIA"
	},
	{
		"type": "Countries",
		"code": "RUS",
		"label": "RUSSIAN FEDERATION"
	},
	{
		"type": "Countries",
		"code": "RWA",
		"label": "RWANDA"
	},
	{
		"type": "Countries",
		"code": "BLM",
		"label": "SAINT BARTHELEMY"
	},
	{
		"type": "Countries",
		"code": "SHN",
		"label": "SAINT HELENA, ASCENSION AND TRISTAN DA CUNHA"
	},
	{
		"type": "Countries",
		"code": "KNA",
		"label": "SAINT KITTS AND NEVIS"
	},
	{
		"type": "Countries",
		"code": "LCA",
		"label": "SAINT LUCIA"
	},
	{
		"type": "Countries",
		"code": "MAF",
		"label": "SAINT MARTIN (FRENCH PART)"
	},
	{
		"type": "Countries",
		"code": "SPM",
		"label": "SAINT PIERRE AND MIQUELON"
	},
	{
		"type": "Countries",
		"code": "VCT",
		"label": "SAINT VINCENT AND THE GRENADINES"
	},
	{
		"type": "Countries",
		"code": "WSM",
		"label": "SAMOA"
	},
	{
		"type": "Countries",
		"code": "SMR",
		"label": "SAN MARINO"
	},
	{
		"type": "Countries",
		"code": "STP",
		"label": "SAO TOME AND PRINCIPE"
	},
	{
		"type": "Countries",
		"code": "SAU",
		"label": "SAUDI ARABIA"
	},
	{
		"type": "Countries",
		"code": "SEN",
		"label": "SENEGAL"
	},
	{
		"type": "Countries",
		"code": "SRB",
		"label": "SERBIA"
	},
	{
		"type": "Countries",
		"code": "SYC",
		"label": "SEYCHELLES"
	},
	{
		"type": "Countries",
		"code": "SLE",
		"label": "SIERRA LEONE"
	},
	{
		"type": "Countries",
		"code": "SPE",
		"label": "SINGAPORE"
	},
	{
		"type": "Countries",
		"code": "SXM",
		"label": "SINT MAARTEN (DUTCH PART)"
	},
	{
		"type": "Countries",
		"code": "SVK",
		"label": "SLOVAKIA"
	},
	{
		"type": "Countries",
		"code": "SVN",
		"label": "SLOVENIA"
	},
	{
		"type": "Countries",
		"code": "SLB",
		"label": "SOLOMON ISLANDS"
	},
	{
		"type": "Countries",
		"code": "SOM",
		"label": "SOMALIA"
	},
	{
		"type": "Countries",
		"code": "ZAF",
		"label": "SOUTH AFRICA"
	},
	{
		"type": "Countries",
		"code": "SGS",
		"label": "SOUTH GEORGIA AND THE SOUTH SANDWICH ISLANDS"
	},
	{
		"type": "Countries",
		"code": "SSD",
		"label": "SOUTH SUDAN"
	},
	{
		"type": "Countries",
		"code": "ESP",
		"label": "SPAIN"
	},
	{
		"type": "Countries",
		"code": "LKA",
		"label": "SRI LANKA"
	},
	{
		"type": "Countries",
		"code": "SDN",
		"label": "SUDAN"
	},
	{
		"type": "Countries",
		"code": "SUR",
		"label": "SURINAME"
	},
	{
		"type": "Countries",
		"code": "SJM",
		"label": "SVALBARD AND JAN MAYEN"
	},
	{
		"type": "Countries",
		"code": "SWZ",
		"label": "SWAZILAND"
	},
	{
		"type": "Countries",
		"code": "SWE",
		"label": "SWEDEN"
	},
	{
		"type": "Countries",
		"code": "CHE",
		"label": "SWITZERLAND"
	},
	{
		"type": "Countries",
		"code": "SYR",
		"label": "SYRIAN ARAB REPUBLIC"
	},
	{
		"type": "Countries",
		"code": "TWN",
		"label": "TAIWAN, REPUBLIC OF CHINA"
	},
	{
		"type": "Countries",
		"code": "TJK",
		"label": "TAJIKISTAN"
	},
	{
		"type": "Countries",
		"code": "TZA",
		"label": "TANZANIA, UNITED REPUBLIC OF"
	},
	{
		"type": "Countries",
		"code": "THA",
		"label": "THAILAND"
	},
	{
		"type": "Countries",
		"code": "TLS",
		"label": "TIMOR-LESTE"
	},
	{
		"type": "Countries",
		"code": "TGO",
		"label": "TOGO"
	},
	{
		"type": "Countries",
		"code": "TKL",
		"label": "TOKELAU"
	},
	{
		"type": "Countries",
		"code": "TON",
		"label": "TONGA"
	},
	{
		"type": "Countries",
		"code": "TTO",
		"label": "TRINIDAD AND TOBAGO"
	},
	{
		"type": "Countries",
		"code": "TUN",
		"label": "TUNISIA"
	},
	{
		"type": "Countries",
		"code": "TRK",
		"label": "TURKEY"
	},
	{
		"type": "Countries",
		"code": "TKM",
		"label": "TURKMENISTAN"
	},
	{
		"type": "Countries",
		"code": "TCA",
		"label": "TURKS AND CAICOS ISLANDS"
	},
	{
		"type": "Countries",
		"code": "TUV",
		"label": "TUVALU"
	},
	{
		"type": "Countries",
		"code": "UGA",
		"label": "UGANDA"
	},
	{
		"type": "Countries",
		"code": "UKR",
		"label": "UKRAINE"
	},
	{
		"type": "Countries",
		"code": "ARE",
		"label": "UNITED ARAB EMIRATES"
	},
	{
		"type": "Countries",
		"code": "UK",
		"label": "UNITED KINGDOM"
	},
	{
		"type": "Countries",
		"code": "USA",
		"label": "UNITED States"
	},
	{
		"type": "Countries",
		"code": "UMI",
		"label": "UNITED States MINOR OUTLYING ISLANDS"
	},
	{
		"type": "Countries",
		"code": "URY",
		"label": "URUGUAY"
	},
	{
		"type": "Countries",
		"code": "UZB",
		"label": "UZBEKISTAN"
	},
	{
		"type": "Countries",
		"code": "VUT",
		"label": "VANUATU"
	},
	{
		"type": "Countries",
		"code": "VEN",
		"label": "VENEZUELA, BOLIVARIAN REPUBLIC OF"
	},
	{
		"type": "Countries",
		"code": "VNM",
		"label": "VIET NAM"
	},
	{
		"type": "Countries",
		"code": "VGB",
		"label": "VIRGIN ISLANDS, BRITISH"
	},
	{
		"type": "Countries",
		"code": "VIR",
		"label": "VIRGIN ISLANDS, U.S."
	},
	{
		"type": "Countries",
		"code": "WLF",
		"label": "WALLIS AND FUTUNA"
	},
	{
		"type": "Countries",
		"code": "ESH",
		"label": "WESTERN SAHARA"
	},
	{
		"type": "Countries",
		"code": "YEM",
		"label": "YEMEN"
	},
	{
		"type": "Countries",
		"code": "ZMB",
		"label": "ZAMBIA"
	},
	{
		"type": "Countries",
		"code": "ZIM",
		"label": "ZIMBABWE"
	},
	{
		"type": "EXEMPTION_TYPES",
		"code": "500",
		"label": "Ownership of the property was transferred during the last year"
	},
	{
		"type": "EXEMPTION_TYPES",
		"code": "501",
		"label": "It only became 'residential land' during the last year"
	},
	{
		"type": "EXEMPTION_TYPES",
		"code": "502",
		"label": "The property was used by the owner for the purposes of attending work"
	},
	{
		"type": "EXEMPTION_TYPES",
		"code": "503",
		"label": "The property was used by the owner as a holiday home"
	},
	{
		"type": "FlatUnitTypes",
		"code": "APT",
		"label": "APARTMENT"
	},
	{
		"type": "FlatUnitTypes",
		"code": "AR",
		"label": "AREA"
	},
	{
		"type": "FlatUnitTypes",
		"code": "AT",
		"label": "AUTOMATIC TELLER"
	},
	{
		"type": "FlatUnitTypes",
		"code": "BU",
		"label": "BUILDING"
	},
	{
		"type": "FlatUnitTypes",
		"code": "CA",
		"label": "CAFETERIA"
	},
	{
		"type": "FlatUnitTypes",
		"code": "CG",
		"label": "CAGE"
	},
	{
		"type": "FlatUnitTypes",
		"code": "CP",
		"label": "CAR-PARK"
	},
	{
		"type": "FlatUnitTypes",
		"code": "CTGE",
		"label": "COTTAGE"
	},
	{
		"type": "FlatUnitTypes",
		"code": "DUP",
		"label": "DUPLEX"
	},
	{
		"type": "FlatUnitTypes",
		"code": "FY",
		"label": "FACTORY"
	},
	{
		"type": "FlatUnitTypes",
		"code": "F",
		"label": "FLAT"
	},
	{
		"type": "FlatUnitTypes",
		"code": "Garage",
		"label": "GARAGE"
	},
	{
		"type": "FlatUnitTypes",
		"code": "HSE",
		"label": "HOUSE"
	},
	{
		"type": "FlatUnitTypes",
		"code": "KSK",
		"label": "KIOSK"
	},
	{
		"type": "FlatUnitTypes",
		"code": "MSNT",
		"label": "MAISONETTE"
	},
	{
		"type": "FlatUnitTypes",
		"code": "MB",
		"label": "MARINE BERTH"
	},
	{
		"type": "FlatUnitTypes",
		"code": "MA",
		"label": "MART"
	},
	{
		"type": "FlatUnitTypes",
		"code": "MT",
		"label": "MAST"
	},
	{
		"type": "FlatUnitTypes",
		"code": "OFF",
		"label": "OFFICE"
	},
	{
		"type": "FlatUnitTypes",
		"code": "PTHS",
		"label": "PENTHOUSE"
	},
	{
		"type": "FlatUnitTypes",
		"code": "RE",
		"label": "RESTAURANT"
	},
	{
		"type": "FlatUnitTypes",
		"code": "RM",
		"label": "ROOM"
	},
	{
		"type": "FlatUnitTypes",
		"code": "SHED",
		"label": "SHED"
	},
	{
		"type": "FlatUnitTypes",
		"code": "SHOP",
		"label": "SHOP"
	},
	{
		"type": "FlatUnitTypes",
		"code": "SM",
		"label": "SHOWROOM"
	},
	{
		"type": "FlatUnitTypes",
		"code": "SN",
		"label": "SIGN"
	},
	{
		"type": "FlatUnitTypes",
		"code": "SITE",
		"label": "SITE"
	},
	{
		"type": "FlatUnitTypes",
		"code": "SL",
		"label": "STALL"
	},
	{
		"type": "FlatUnitTypes",
		"code": "ST",
		"label": "STORE"
	},
	{
		"type": "FlatUnitTypes",
		"code": "STU",
		"label": "STUDIO"
	},
	{
		"type": "FlatUnitTypes",
		"code": "SE",
		"label": "SUITE"
	},
	{
		"type": "FlatUnitTypes",
		"code": "SY",
		"label": "SURGERY"
	},
	{
		"type": "FlatUnitTypes",
		"code": "TH",
		"label": "THEATRE"
	},
	{
		"type": "FlatUnitTypes",
		"code": "TNHS",
		"label": "TOWNHOUSE"
	},
	{
		"type": "FlatUnitTypes",
		"code": "U",
		"label": "UNIT"
	},
	{
		"type": "FlatUnitTypes",
		"code": "VLLA",
		"label": "VILLA"
	},
	{
		"type": "FlatUnitTypes",
		"code": "WARD",
		"label": "WARD"
	},
	{
		"type": "FlatUnitTypes",
		"code": "WE",
		"label": "WAREHOUSE"
	},
	{
		"type": "FlatUnitTypes",
		"code": "YARD",
		"label": "YARD"
	},
	{
		"type": "FloorLevelTypes",
		"code": "B",
		"label": "Basement"
	},
	{
		"type": "FloorLevelTypes",
		"code": "BL",
		"label": "Below"
	},
	{
		"type": "FloorLevelTypes",
		"code": "FL",
		"label": "Floor"
	},
	{
		"type": "FloorLevelTypes",
		"code": "G",
		"label": "Ground Floor"
	},
	{
		"type": "FloorLevelTypes",
		"code": "L",
		"label": "Level"
	},
	{
		"type": "FloorLevelTypes",
		"code": "LG",
		"label": "Lower Ground Floor"
	},
	{
		"type": "FloorLevelTypes",
		"code": "M",
		"label": "Mezzanine"
	},
	{
		"type": "FloorLevelTypes",
		"code": "O",
		"label": "Over"
	},
	{
		"type": "FloorLevelTypes",
		"code": "R",
		"label": "Roof"
	},
	{
		"type": "FloorLevelTypes",
		"code": "TP",
		"label": "Top"
	},
	{
		"type": "FloorLevelTypes",
		"code": "UG",
		"label": "Upper Ground Floor"
	},
	{
		"type": "FloorLevelTypes",
		"code": "UN",
		"label": "Unknown"
	},
	{
		"type": "FloorLevelTypes",
		"code": "US",
		"label": "Upstairs"
	},
	{
		"type": "LAND_OWNER_TYPES",
		"code": "I",
		"label": "An individual",
		"shortLabel": "Individual"
	},
	{
		"type": "LAND_OWNER_TYPES",
		"code": "C",
		"label": "A company / organisation / association",
		"shortLabel": "Company / organisation / association"
	},
	{
		"type": "LAND_OWNER_TYPES",
		"code": "T",
		"label": "A trust",
		"shortLabel": "Trust"
	},
	{
		"type": "NON_POSTAL_ADDRESS_TYPES",
		"code": "B",
		"label": "Street"
	},
	{
		"type": "NON_POSTAL_ADDRESS_TYPES",
		"code": "L",
		"label": "Lot"
	},
	{
		"type": "NON_POSTAL_ADDRESS_TYPES",
		"code": "O",
		"label": "Overseas"
	},
	{
		"type": "NOTIFICATION_TYPES",
		"code": "PROPERTY",
		"label": "Let us know about a vacant property"
	},
	{
		"type": "NOTIFICATION_TYPES",
		"code": "CONTACT",
		"label": "Update your contact information"
	},
	{
		"type": "PostalBoxTypes",
		"code": "CARE PO",
		"label": "Care-of Post Office (Poste Restante)"
	},
	{
		"type": "PostalBoxTypes",
		"code": "CMA",
		"label": "Community Mail Agent"
	},
	{
		"type": "PostalBoxTypes",
		"code": "CMB",
		"label": "Community Mail Bag"
	},
	{
		"type": "PostalBoxTypes",
		"code": "CNR",
		"label": "Corner of Street"
	},
	{
		"type": "PostalBoxTypes",
		"code": "DX",
		"label": "Document Exchange (used by solicitors)"
	},
	{
		"type": "PostalBoxTypes",
		"code": "GPO BOX",
		"label": "General Post Office Box"
	},
	{
		"type": "PostalBoxTypes",
		"code": "LOCKED BAG",
		"label": "Locked Mail Bag Service"
	},
	{
		"type": "PostalBoxTypes",
		"code": "MS",
		"label": "Mail Service"
	},
	{
		"type": "PostalBoxTypes",
		"code": "PO BOX",
		"label": "Post Office Box"
	},
	{
		"type": "PostalBoxTypes",
		"code": "PRIV BAG",
		"label": "Private Mail Bag Service"
	},
	{
		"type": "PostalBoxTypes",
		"code": "RSD",
		"label": "Roadside Delivery"
	},
	{
		"type": "PostalBoxTypes",
		"code": "RMB",
		"label": "Roadside Mail Box/Bag"
	},
	{
		"type": "PostalBoxTypes",
		"code": "RMS",
		"label": "Roadside Mail Service"
	},
	{
		"type": "PostalBoxTypes",
		"code": "RBN",
		"label": "Rural Box/Bag Number"
	},
	{
		"type": "PROPERTY_OWNERSHIP_TYPES",
		"code": "S",
		"label": "Sole proprietor"
	},
	{
		"type": "PROPERTY_OWNERSHIP_TYPES",
		"code": "J",
		"label": "Joint ownership"
	},
	{
		"type": "States",
		"code": "VIC",
		"label": "VIC"
	},
	{
		"type": "States",
		"code": "NSW",
		"label": "NSW"
	},
	{
		"type": "States",
		"code": "QLD",
		"label": "QLD"
	},
	{
		"type": "States",
		"code": "SA",
		"label": "SA"
	},
	{
		"type": "States",
		"code": "WA",
		"label": "WA"
	},
	{
		"type": "States",
		"code": "NT",
		"label": "NT"
	},
	{
		"type": "States",
		"code": "TAS",
		"label": "TAS"
	},
	{
		"type": "States",
		"code": "ACT",
		"label": "ACT"
	},
	{
		"type": "StreetSuffixes",
		"code": "E",
		"label": "EAST"
	},
	{
		"type": "StreetSuffixes",
		"code": "S",
		"label": "SOUTH"
	},
	{
		"type": "StreetSuffixes",
		"code": "NE",
		"label": "NORTH EAST"
	},
	{
		"type": "StreetSuffixes",
		"code": "W",
		"label": "WEST"
	},
	{
		"type": "StreetSuffixes",
		"code": "N",
		"label": "NORTH"
	},
	{
		"type": "StreetSuffixes",
		"code": "UP",
		"label": "UPPER"
	},
	{
		"type": "StreetSuffixes",
		"code": "LR",
		"label": "LOWER"
	},
	{
		"type": "StreetSuffixes",
		"code": "SW",
		"label": "SOUTH WEST"
	},
	{
		"type": "StreetSuffixes",
		"code": "EX",
		"label": "EXTENSION"
	},
	{
		"type": "StreetSuffixes",
		"code": "SE",
		"label": "SOUTH EAST"
	},
	{
		"type": "StreetSuffixes",
		"code": "CN",
		"label": "CENTRAL"
	},
	{
		"type": "StreetSuffixes",
		"code": "NW",
		"label": "NORTH WEST"
	},
	{
		"type": "StreetTypes",
		"code": "ACCS",
		"label": "ACCESS"
	},
	{
		"type": "StreetTypes",
		"code": "ALLY",
		"label": "ALLEY"
	},
	{
		"type": "StreetTypes",
		"code": "ALWY",
		"label": "ALLEYWAY"
	},
	{
		"type": "StreetTypes",
		"code": "AMBL",
		"label": "AMBLE"
	},
	{
		"type": "StreetTypes",
		"code": "ANCG",
		"label": "ANCHORAGE"
	},
	{
		"type": "StreetTypes",
		"code": "APP",
		"label": "APPROACH"
	},
	{
		"type": "StreetTypes",
		"code": "ARC",
		"label": "ARCADE"
	},
	{
		"type": "StreetTypes",
		"code": "ART",
		"label": "ARTERY"
	},
	{
		"type": "StreetTypes",
		"code": "AVE",
		"label": "AVENUE"
	},
	{
		"type": "StreetTypes",
		"code": "BANK",
		"label": "BANK"
	},
	{
		"type": "StreetTypes",
		"code": "BASN",
		"label": "BASIN"
	},
	{
		"type": "StreetTypes",
		"code": "BAY",
		"label": "BAY"
	},
	{
		"type": "StreetTypes",
		"code": "BCH",
		"label": "BEACH"
	},
	{
		"type": "StreetTypes",
		"code": "BDGE",
		"label": "BRIDGE"
	},
	{
		"type": "StreetTypes",
		"code": "BDWY",
		"label": "BROADWAY"
	},
	{
		"type": "StreetTypes",
		"code": "BEND",
		"label": "BEND"
	},
	{
		"type": "StreetTypes",
		"code": "BLK",
		"label": "BLOCK"
	},
	{
		"type": "StreetTypes",
		"code": "BLUF",
		"label": "BLUF"
	},
	{
		"type": "StreetTypes",
		"code": "BRAE",
		"label": "BRAE"
	},
	{
		"type": "StreetTypes",
		"code": "BRCE",
		"label": "BRACE"
	},
	{
		"type": "StreetTypes",
		"code": "BRK",
		"label": "BREAK"
	},
	{
		"type": "StreetTypes",
		"code": "BROW",
		"label": "BROW"
	},
	{
		"type": "StreetTypes",
		"code": "BWK",
		"label": "BOARDWALK"
	},
	{
		"type": "StreetTypes",
		"code": "BVD",
		"label": "BOULEVARD"
	},
	{
		"type": "StreetTypes",
		"code": "BYPA",
		"label": "BYPASS"
	},
	{
		"type": "StreetTypes",
		"code": "BYWY",
		"label": "BYWAY"
	},
	{
		"type": "StreetTypes",
		"code": "CAUS",
		"label": "CAUSEWAY"
	},
	{
		"type": "StreetTypes",
		"code": "CCT",
		"label": "CIRCUIT"
	},
	{
		"type": "StreetTypes",
		"code": "CDS",
		"label": "CDS"
	},
	{
		"type": "StreetTypes",
		"code": "CH",
		"label": "CHASE"
	},
	{
		"type": "StreetTypes",
		"code": "CIR",
		"label": "CIRCLE"
	},
	{
		"type": "StreetTypes",
		"code": "CL",
		"label": "CLOSE"
	},
	{
		"type": "StreetTypes",
		"code": "CLR",
		"label": "CLUSTER"
	},
	{
		"type": "StreetTypes",
		"code": "CLDE",
		"label": "COLONNADE"
	},
	{
		"type": "StreetTypes",
		"code": "CLT",
		"label": "CIRCLET"
	},
	{
		"type": "StreetTypes",
		"code": "CMMN",
		"label": "COMMON"
	},
	{
		"type": "StreetTypes",
		"code": "CNR",
		"label": "CORNER"
	},
	{
		"type": "StreetTypes",
		"code": "CNWY",
		"label": "CENTREWAY"
	},
	{
		"type": "StreetTypes",
		"code": "CON",
		"label": "CONCOURSE"
	},
	{
		"type": "StreetTypes",
		"code": "COVE",
		"label": "COVE"
	},
	{
		"type": "StreetTypes",
		"code": "COWY",
		"label": "CROSSWAY"
	},
	{
		"type": "StreetTypes",
		"code": "CPS",
		"label": "COPSE"
	},
	{
		"type": "StreetTypes",
		"code": "CRCS",
		"label": "CIRCUS"
	},
	{
		"type": "StreetTypes",
		"code": "CRK",
		"label": "CREEK"
	},
	{
		"type": "StreetTypes",
		"code": "CRD",
		"label": "CROSSROAD"
	},
	{
		"type": "StreetTypes",
		"code": "CRES",
		"label": "CRESCENT"
	},
	{
		"type": "StreetTypes",
		"code": "CRSG",
		"label": "CROSSING"
	},
	{
		"type": "StreetTypes",
		"code": "CRSS",
		"label": "CROSS"
	},
	{
		"type": "StreetTypes",
		"code": "CRST",
		"label": "CREST"
	},
	{
		"type": "StreetTypes",
		"code": "CSO",
		"label": "CORSO"
	},
	{
		"type": "StreetTypes",
		"code": "CT",
		"label": "COURT"
	},
	{
		"type": "StreetTypes",
		"code": "CTR",
		"label": "CENTRE"
	},
	{
		"type": "StreetTypes",
		"code": "CTTG",
		"label": "CUTTING"
	},
	{
		"type": "StreetTypes",
		"code": "CTYD",
		"label": "COURTYARD"
	},
	{
		"type": "StreetTypes",
		"code": "CUWY",
		"label": "CRUISEWAY"
	},
	{
		"type": "StreetTypes",
		"code": "DALE",
		"label": "DALE"
	},
	{
		"type": "StreetTypes",
		"code": "DELL",
		"label": "DELL"
	},
	{
		"type": "StreetTypes",
		"code": "DEVN",
		"label": "DEVIATION"
	},
	{
		"type": "StreetTypes",
		"code": "DIP",
		"label": "DIP"
	},
	{
		"type": "StreetTypes",
		"code": "DR",
		"label": "DRIVE"
	},
	{
		"type": "StreetTypes",
		"code": "DRWY",
		"label": "DRIVEWAY"
	},
	{
		"type": "StreetTypes",
		"code": "DSTR",
		"label": "DISTRIBUTOR"
	},
	{
		"type": "StreetTypes",
		"code": "DWNS",
		"label": "DOWNS"
	},
	{
		"type": "StreetTypes",
		"code": "EDGE",
		"label": "EDGE"
	},
	{
		"type": "StreetTypes",
		"code": "ELB",
		"label": "ELBOW"
	},
	{
		"type": "StreetTypes",
		"code": "END",
		"label": "END"
	},
	{
		"type": "StreetTypes",
		"code": "ENT",
		"label": "ENTRANCE"
	},
	{
		"type": "StreetTypes",
		"code": "ESP",
		"label": "ESPLANADE"
	},
	{
		"type": "StreetTypes",
		"code": "EST",
		"label": "ESTATE"
	},
	{
		"type": "StreetTypes",
		"code": "EXP",
		"label": "EXPRESSWAY"
	},
	{
		"type": "StreetTypes",
		"code": "EXTN",
		"label": "EXTENSION"
	},
	{
		"type": "StreetTypes",
		"code": "FAWY",
		"label": "FAIRWAY"
	},
	{
		"type": "StreetTypes",
		"code": "FITR",
		"label": "FIRETRAIL"
	},
	{
		"type": "StreetTypes",
		"code": "FLAT",
		"label": "FLAT"
	},
	{
		"type": "StreetTypes",
		"code": "FOLW",
		"label": "FOLLOW"
	},
	{
		"type": "StreetTypes",
		"code": "FORM",
		"label": "FORMATION"
	},
	{
		"type": "StreetTypes",
		"code": "FRNT",
		"label": "FRONT"
	},
	{
		"type": "StreetTypes",
		"code": "FRTG",
		"label": "FRONTAGE"
	},
	{
		"type": "StreetTypes",
		"code": "FSHR",
		"label": "FORESHORE"
	},
	{
		"type": "StreetTypes",
		"code": "FTWY",
		"label": "FOOTWAY"
	},
	{
		"type": "StreetTypes",
		"code": "FWY",
		"label": "FREEWAY"
	},
	{
		"type": "StreetTypes",
		"code": "GAP",
		"label": "GAP"
	},
	{
		"type": "StreetTypes",
		"code": "GDN",
		"label": "GARDEN"
	},
	{
		"type": "StreetTypes",
		"code": "GDNS",
		"label": "GARDENS"
	},
	{
		"type": "StreetTypes",
		"code": "GLD",
		"label": "GLADE"
	},
	{
		"type": "StreetTypes",
		"code": "GLEN",
		"label": "GLEN"
	},
	{
		"type": "StreetTypes",
		"code": "GLY",
		"label": "GULLY"
	},
	{
		"type": "StreetTypes",
		"code": "GR",
		"label": "GROVE"
	},
	{
		"type": "StreetTypes",
		"code": "GRA",
		"label": "GRANGE"
	},
	{
		"type": "StreetTypes",
		"code": "GRN",
		"label": "GREEN"
	},
	{
		"type": "StreetTypes",
		"code": "GRND",
		"label": "GROUND"
	},
	{
		"type": "StreetTypes",
		"code": "GTE",
		"label": "GATE"
	},
	{
		"type": "StreetTypes",
		"code": "GTES",
		"label": "GATES"
	},
	{
		"type": "StreetTypes",
		"code": "HVN",
		"label": "HAVEN"
	},
	{
		"type": "StreetTypes",
		"code": "HILL",
		"label": "HILL"
	},
	{
		"type": "StreetTypes",
		"code": "HRD",
		"label": "HIGHROAD"
	},
	{
		"type": "StreetTypes",
		"code": "HTS",
		"label": "HEIGHTS"
	},
	{
		"type": "StreetTypes",
		"code": "HWY",
		"label": "HIGHWAY"
	},
	{
		"type": "StreetTypes",
		"code": "HUB",
		"label": "HUB"
	},
	{
		"type": "StreetTypes",
		"code": "INTG",
		"label": "INTERCHANGE"
	},
	{
		"type": "StreetTypes",
		"code": "INTN",
		"label": "INTERSECTION"
	},
	{
		"type": "StreetTypes",
		"code": "JNC",
		"label": "JUNCTION"
	},
	{
		"type": "StreetTypes",
		"code": "KEY",
		"label": "KEY"
	},
	{
		"type": "StreetTypes",
		"code": "LANE",
		"label": "LANE"
	},
	{
		"type": "StreetTypes",
		"code": "LDG",
		"label": "LANDING"
	},
	{
		"type": "StreetTypes",
		"code": "LEES",
		"label": "LEES"
	},
	{
		"type": "StreetTypes",
		"code": "LINE",
		"label": "LINE"
	},
	{
		"type": "StreetTypes",
		"code": "LINK",
		"label": "LINK"
	},
	{
		"type": "StreetTypes",
		"code": "LKT",
		"label": "LOOKOUT"
	},
	{
		"type": "StreetTypes",
		"code": "LNWY",
		"label": "LANEWAY"
	},
	{
		"type": "StreetTypes",
		"code": "LOOP",
		"label": "LOOP"
	},
	{
		"type": "StreetTypes",
		"code": "LT",
		"label": "LITTLE"
	},
	{
		"type": "StreetTypes",
		"code": "LWR",
		"label": "LOWER"
	},
	{
		"type": "StreetTypes",
		"code": "MALL",
		"label": "MALL"
	},
	{
		"type": "StreetTypes",
		"code": "MDWS",
		"label": "MEADOW"
	},
	{
		"type": "StreetTypes",
		"code": "MEW",
		"label": "MEW"
	},
	{
		"type": "StreetTypes",
		"code": "MEWS",
		"label": "MEWS"
	},
	{
		"type": "StreetTypes",
		"code": "MNDR",
		"label": "MEANDER"
	},
	{
		"type": "StreetTypes",
		"code": "MT",
		"label": "MOUNT"
	},
	{
		"type": "StreetTypes",
		"code": "MWY",
		"label": "MOTORWAY"
	},
	{
		"type": "StreetTypes",
		"code": "NOOK",
		"label": "NOOK"
	},
	{
		"type": "StreetTypes",
		"code": "OTLK",
		"label": "OTLK"
	},
	{
		"type": "StreetTypes",
		"code": "OVAL",
		"label": "OVAL"
	},
	{
		"type": "StreetTypes",
		"code": "PATH",
		"label": "PATH"
	},
	{
		"type": "StreetTypes",
		"code": "PDE",
		"label": "PARADE"
	},
	{
		"type": "StreetTypes",
		"code": "PHWY",
		"label": "PATHWAY"
	},
	{
		"type": "StreetTypes",
		"code": "PIAZ",
		"label": "PIAZZA"
	},
	{
		"type": "StreetTypes",
		"code": "PKLD",
		"label": "PARKLAND"
	},
	{
		"type": "StreetTypes",
		"code": "PKT",
		"label": "POCKET"
	},
	{
		"type": "StreetTypes",
		"code": "PKWY",
		"label": "PARKWAY"
	},
	{
		"type": "StreetTypes",
		"code": "PL",
		"label": "PLACE"
	},
	{
		"type": "StreetTypes",
		"code": "PLAT",
		"label": "PLATEAU"
	},
	{
		"type": "StreetTypes",
		"code": "PLZA",
		"label": "PLAZA"
	},
	{
		"type": "StreetTypes",
		"code": "PNT",
		"label": "POINT"
	},
	{
		"type": "StreetTypes",
		"code": "PORT",
		"label": "PORT"
	},
	{
		"type": "StreetTypes",
		"code": "PROM",
		"label": "PROMENADE"
	},
	{
		"type": "StreetTypes",
		"code": "PRRS",
		"label": "PRRS"
	},
	{
		"type": "StreetTypes",
		"code": "QDGL",
		"label": "QUADRANGLE"
	},
	{
		"type": "StreetTypes",
		"code": "QDRT",
		"label": "QUADRANT"
	},
	{
		"type": "StreetTypes",
		"code": "QUAD",
		"label": "QUAD"
	},
	{
		"type": "StreetTypes",
		"code": "QY",
		"label": "QUAY"
	},
	{
		"type": "StreetTypes",
		"code": "QYS",
		"label": "QUAYS"
	},
	{
		"type": "StreetTypes",
		"code": "RAMP",
		"label": "RAMP"
	},
	{
		"type": "StreetTypes",
		"code": "RCH",
		"label": "REACH"
	},
	{
		"type": "StreetTypes",
		"code": "RD",
		"label": "ROAD"
	},
	{
		"type": "StreetTypes",
		"code": "RDGE",
		"label": "RIDGE"
	},
	{
		"type": "StreetTypes",
		"code": "RDS",
		"label": "ROADS"
	},
	{
		"type": "StreetTypes",
		"code": "RDSD",
		"label": "ROADSIDE"
	},
	{
		"type": "StreetTypes",
		"code": "RDWY",
		"label": "ROADWAY"
	},
	{
		"type": "StreetTypes",
		"code": "RES",
		"label": "RESERVE"
	},
	{
		"type": "StreetTypes",
		"code": "REST",
		"label": "REST"
	},
	{
		"type": "StreetTypes",
		"code": "RGWY",
		"label": "RIDGEWAY"
	},
	{
		"type": "StreetTypes",
		"code": "RIDE",
		"label": "RIDE"
	},
	{
		"type": "StreetTypes",
		"code": "RING",
		"label": "RING"
	},
	{
		"type": "StreetTypes",
		"code": "RISE",
		"label": "RISE"
	},
	{
		"type": "StreetTypes",
		"code": "RMBL",
		"label": "RAMBLE"
	},
	{
		"type": "StreetTypes",
		"code": "RND",
		"label": "ROUND"
	},
	{
		"type": "StreetTypes",
		"code": "RNDE",
		"label": "RONDE"
	},
	{
		"type": "StreetTypes",
		"code": "RNGE",
		"label": "RANGE"
	},
	{
		"type": "StreetTypes",
		"code": "ROW",
		"label": "ROW"
	},
	{
		"type": "StreetTypes",
		"code": "ROWY",
		"label": "ROWY"
	},
	{
		"type": "StreetTypes",
		"code": "RSBL",
		"label": "ROSEBOWL"
	},
	{
		"type": "StreetTypes",
		"code": "RTE",
		"label": "ROUTE"
	},
	{
		"type": "StreetTypes",
		"code": "RTT",
		"label": "RETREAT"
	},
	{
		"type": "StreetTypes",
		"code": "RTY",
		"label": "ROTARY"
	},
	{
		"type": "StreetTypes",
		"code": "RUE",
		"label": "RUE"
	},
	{
		"type": "StreetTypes",
		"code": "RUN",
		"label": "RUN"
	},
	{
		"type": "StreetTypes",
		"code": "RVR",
		"label": "RIVER"
	},
	{
		"type": "StreetTypes",
		"code": "RVRA",
		"label": "RIVIERA"
	},
	{
		"type": "StreetTypes",
		"code": "RVRA",
		"label": "RVRA"
	},
	{
		"type": "StreetTypes",
		"code": "RVWY",
		"label": "RIVERWAY"
	},
	{
		"type": "StreetTypes",
		"code": "SBWY",
		"label": "SUBWAY"
	},
	{
		"type": "StreetTypes",
		"code": "SDNG",
		"label": "SIDING"
	},
	{
		"type": "StreetTypes",
		"code": "SHWY",
		"label": "STATE HIGHWAY"
	},
	{
		"type": "StreetTypes",
		"code": "SLPE",
		"label": "SLOPE"
	},
	{
		"type": "StreetTypes",
		"code": "SND",
		"label": "SOUND"
	},
	{
		"type": "StreetTypes",
		"code": "SPUR",
		"label": "SPUR"
	},
	{
		"type": "StreetTypes",
		"code": "SQ",
		"label": "SQUARE"
	},
	{
		"type": "StreetTypes",
		"code": "ST",
		"label": "STREET"
	},
	{
		"type": "StreetTypes",
		"code": "STPS",
		"label": "STEPS"
	},
	{
		"type": "StreetTypes",
		"code": "STRA",
		"label": "STRAND"
	},
	{
		"type": "StreetTypes",
		"code": "STRT",
		"label": "STRAIGHT"
	},
	{
		"type": "StreetTypes",
		"code": "STRP",
		"label": "STRIP"
	},
	{
		"type": "StreetTypes",
		"code": "STRS",
		"label": "STAIRS"
	},
	{
		"type": "StreetTypes",
		"code": "TARN",
		"label": "TARN"
	},
	{
		"type": "StreetTypes",
		"code": "TCE",
		"label": "TERRACE"
	},
	{
		"type": "StreetTypes",
		"code": "THOR",
		"label": "THOROUGHFARE"
	},
	{
		"type": "StreetTypes",
		"code": "TKWY",
		"label": "TRUNKWAY"
	},
	{
		"type": "StreetTypes",
		"code": "TLWY",
		"label": "TOLLWAY"
	},
	{
		"type": "StreetTypes",
		"code": "TOP",
		"label": "TOP"
	},
	{
		"type": "StreetTypes",
		"code": "TOR",
		"label": "TOR"
	},
	{
		"type": "StreetTypes",
		"code": "TRI",
		"label": "TRIANGLE"
	},
	{
		"type": "StreetTypes",
		"code": "TRK",
		"label": "TRACK"
	},
	{
		"type": "StreetTypes",
		"code": "TRL",
		"label": "TRAIL"
	},
	{
		"type": "StreetTypes",
		"code": "TRLR",
		"label": "TRAILER"
	},
	{
		"type": "StreetTypes",
		"code": "TURN",
		"label": "TURN"
	},
	{
		"type": "StreetTypes",
		"code": "TWRS",
		"label": "TOWERS"
	},
	{
		"type": "StreetTypes",
		"code": "UPAS",
		"label": "UNDERPASS"
	},
	{
		"type": "StreetTypes",
		"code": "UPR",
		"label": "UPPER"
	},
	{
		"type": "StreetTypes",
		"code": "VALE",
		"label": "VALE"
	},
	{
		"type": "StreetTypes",
		"code": "VDCT",
		"label": "VIADUCT"
	},
	{
		"type": "StreetTypes",
		"code": "VIEW",
		"label": "VIEW"
	},
	{
		"type": "StreetTypes",
		"code": "VWS",
		"label": "VIEWS"
	},
	{
		"type": "StreetTypes",
		"code": "VLGE",
		"label": "VILLAGE"
	},
	{
		"type": "StreetTypes",
		"code": "VLLS",
		"label": "VILLAS"
	},
	{
		"type": "StreetTypes",
		"code": "VSTA",
		"label": "VISTA"
	},
	{
		"type": "StreetTypes",
		"code": "WADE",
		"label": "WADE"
	},
	{
		"type": "StreetTypes",
		"code": "WALK",
		"label": "WALK"
	},
	{
		"type": "StreetTypes",
		"code": "WAY",
		"label": "WAY"
	},
	{
		"type": "StreetTypes",
		"code": "WHRF",
		"label": "WHARF"
	},
	{
		"type": "StreetTypes",
		"code": "WKWY",
		"label": "WALKWAY"
	},
	{
		"type": "StreetTypes",
		"code": "WTRS",
		"label": "WTRS"
	},
	{
		"type": "StreetTypes",
		"code": "WYND",
		"label": "WYND"
	},
	{
		"type": "StreetTypes",
		"code": "YARD",
		"label": "YARD"
	},
	{
		"type": "StreetTypes",
		"code": "BOWL",
		"label": "BOWL"
	},
	{
		"type": "StreetTypes",
		"code": "COURSE",
		"label": "COURSE"
	},
	{
		"type": "StreetTypes",
		"code": "CUL-DE-SAC",
		"label": "CUL-DE-SAC"
	},
	{
		"type": "StreetTypes",
		"code": "FIRE TRACK",
		"label": "FIRE TRACK"
	},
	{
		"type": "StreetTypes",
		"code": "GATEWAY",
		"label": "GATEWAY"
	},
	{
		"type": "StreetTypes",
		"code": "HEATH",
		"label": "HEATH"
	},
	{
		"type": "StreetTypes",
		"code": "ISLAND",
		"label": "ISLAND"
	},
	{
		"type": "StreetTypes",
		"code": "OUTLET",
		"label": "OUTLET"
	},
	{
		"type": "StreetTypes",
		"code": "PASSAGE",
		"label": "PASSAGE"
	},
	{
		"type": "StreetTypes",
		"code": "PIER",
		"label": "PIER"
	},
	{
		"type": "StreetTypes",
		"code": "PURSUIT",
		"label": "PURSUIT"
	},
	{
		"type": "StreetTypes",
		"code": "RETURN",
		"label": "RETURN"
	},
	{
		"type": "StreetTypes",
		"code": "RIGHT OF WAY",
		"label": "RIGHT OF WAY"
	},
	{
		"type": "StreetTypes",
		"code": "SERVICE WAY",
		"label": "SERVICE WAY"
	},
	{
		"type": "StreetTypes",
		"code": "THROUGHWAY",
		"label": "THROUGHWAY"
	},
	{
		"type": "StreetTypes",
		"code": "VALLEY",
		"label": "VALLEY"
	},
	{
		"type": "StreetTypes",
		"code": "WATERS",
		"label": "WATERS"
	},
	{
		"type": "StreetTypes",
		"code": "WATERWAY",
		"label": "WATERWAY"
	},
	{
		"type": "TrustTypes",
		"code": "Fixed",
		"label": "Fixed"
	},
	{
		"type": "TrustTypes",
		"code": "Unit",
		"label": "Unit"
	},
	{
		"type": "TrustTypes",
		"code": "Discretionary",
		"label": "Discretionary"
	},
	{
		"type": "TrustTypes",
		"code": "Self managed Superannuation Fund",
		"label": "Self managed Superannuation Fund"
	},
	{
		"type": "TrustTypes",
		"code": "Superannuation Fund",
		"label": "Superannuation Fund"
	},
	{
		"type": "TrustTypes",
		"code": "Public Unit Trust",
		"label": "Public Unit Trust"
	},
	{
		"type": "TrustTypes",
		"code": "Wholesale Unit Trust",
		"label": "Wholesale Unit Trust"
	},
	{
		"type": "TrustTypes",
		"code": "Other",
		"label": "Other"
	},
	{
		"type": "TRUSTEE_TYPES",
		"code": "I",
		"label": "An individual",
		"shortLabel": "Individual"
	},
	{
		"type": "TRUSTEE_TYPES",
		"code": "C",
		"label": "A company / organisation / association",
		"shortLabel": "Company / organisation / association"
	},
	{
		"type": "REVENUE_TYPES",
		"code": "LTX",
		"label": "Land Tax",
		"shortLabel": "Land Tax"
	},
	{
		"type": "REVENUE_TYPES",
		"code": "VLT",
		"label": "Vacant Land Tax",
		"shortLabel": "Vacant Land Tax"
	}
]