[
	{
		"request": {
			"url": "^/autopayservice/customer/authenticate",
			"method": "POST",
			"post": {
				"customerId": "112344",
				"assessmentId": "234334",
				"revenueLine": "LTX"
			}
		},
		"response": {
			"status": 200,
			"headers": {
				"Content-Type": "application/json"
			},
			"body": {
				"success": true
			}
		}
	},
	{
		"request": {
			"url": "^/autopayservice/customer",
			"method": "GET"
		},
		"response": {
			"status": 200,
			"headers": {
				"Content-Type": "application/json",
				"Access-Control-Allow-Origin": "*"
			},
			"file": "path/to/page.html"
		}
	},
	{
		"request": {
			"url": "^/autopayservice/assessments",
			"query": {
				"assessmentId": "3443112"
			},
			"post": null,
			"method": "GET"
		},
		"response": {
			"status": 200,
			"headers": {
				"Content-Type": "application/json"
			},
			"body": {
				"issueDate": "11/05/2018",
				"amountDue": "1200.00"
			}
		}
	}
]