<?xml version="1.0" encoding="UTF-8"?>
<databaseChangeLog xmlns="http://www.liquibase.org/xml/ns/dbchangelog" xmlns:xsi="http://www.w3.org/2001/XMLSchema-instance" xsi:schemaLocation="http://www.liquibase.org/xml/ns/dbchangelog
         http://www.liquibase.org/xml/ns/dbchangelog/dbchangelog-3.6.xsd">

	<changeSet author="mxs14" id="baseline">
		<comment>tokenstore_user Liquibase baseline</comment>
		<sqlFile encoding="utf8" path="ddl/create_syn.sql" splitStatements="true" stripComments="true" relativeToChangelogFile="true"/>
		<rollback>
			<sqlFile encoding="utf8" path="ddl/drop_syn.sql" splitStatements="true" stripComments="true" relativeToChangelogFile="true"/>
		</rollback>
	</changeSet>

</databaseChangeLog>
